scenario,N,analysis,pipeline,variant,metric,value,mc_se,n_ok
S0_null,40,itt,-,wilcoxon,type1_twosided_raw_H2a_EL,0.0485,0.004803527349771208,2000
S0_null,40,itt,-,wilcoxon,power_raw_H2a_EL,0.0275,0.0036567574434189644,2000
S0_null,40,itt,-,wilcoxon,type1_twosided_raw_H2b_GL,0.0535,0.005031786462082826,2000
S0_null,40,itt,-,wilcoxon,power_raw_H2b_GL,0.028,0.0036889022757454555,2000
S0_null,40,itt,-,mannwhitney,type1_twosided_raw_H2a_EL,0.044,0.0045860658521220555,2000
S0_null,40,itt,-,mannwhitney,power_raw_H2a_EL,0.024,0.00342227994179319,2000
S0_null,40,itt,-,mannwhitney,type1_twosided_raw_H2b_GL,0.0475,0.004756245893559331,2000
S0_null,40,itt,-,mannwhitney,power_raw_H2b_GL,0.024,0.00342227994179319,2000
S0_null,40,itt,-,ancova,type1_twosided_raw_H3,0.044,0.0045860658521220555,2000
S0_null,40,itt,-,ancova,power_raw_H3,0.022,0.003279939023823461,2000
S0_null,40,itt,-,il_null_check,type1_il_wilcoxon,0.0565,0.005162739098579358,2000
S0_null,40,itt,-,il_null_check,type1_il_mannwhitney,0.05,0.004873397172404482,2000
S0_null,40,itt,-,tost,equiv_confirmed,0.3405,0.010596219844831457,2000
S0_null,40,itt,-,tost,mean_hid_diff,0.0023625,,2000
S0_null,40,itt,-,tost_paired,equiv_confirmed,0.3885,0.01089880153961893,2000
S0_null,40,itt,-,tost_paired,mean_hid_diff,0.002362500000000001,,2000
S0_null,40,itt,v1,cox,type1_twosided_raw_H1a,0.065,0.005512485827646181,2000
S0_null,40,itt,v1,cox,power_raw_H1a,0.037,0.0042208411483968455,2000
S0_null,40,itt,v1,wilcoxon,power_holm_H1a,0.012,0.002434748446965312,2000
S0_null,40,itt,v1,wilcoxon,power_holm_H2a_EL,0.0045,0.0014966211945579282,2000
S0_null,40,itt,v1,wilcoxon,power_holm_H2b_GL,0.0045,0.0014966211945579282,2000
S0_null,40,itt,v1,wilcoxon,power_holm_H3,0.006,0.0017268468374467957,2000
S0_null,40,itt,v1,wilcoxon,fwer_twosided_holm,0.052,0.004964675215963275,2000
S0_null,40,itt,v1,wilcoxon,any_confirmed_holm,0.027,0.0036242930345103167,2000
S0_null,40,itt,v1,wilcoxon,all4_confirmed_holm,0.0,0.0,2000
S0_null,40,itt,v1,mannwhitney,power_holm_H1a,0.0115,0.0023840878758971955,2000
S0_null,40,itt,v1,mannwhitney,power_holm_H2a_EL,0.005,0.0015771810295587506,2000
S0_null,40,itt,v1,mannwhitney,power_holm_H2b_GL,0.006,0.0017268468374467957,2000
S0_null,40,itt,v1,mannwhitney,power_holm_H3,0.006,0.0017268468374467957,2000
S0_null,40,itt,v1,mannwhitney,fwer_twosided_holm,0.0495,0.004850244839180801,2000
S0_null,40,itt,v1,mannwhitney,any_confirmed_holm,0.0285,0.0037207358143249033,2000
S0_null,40,itt,v1,mannwhitney,all4_confirmed_holm,0.0,0.0,2000
S0_null,40,itt,v2,cox,type1_twosided_raw_H1a,0.069,0.005667406814408156,2000
S0_null,40,itt,v2,cox,power_raw_H1a,0.039,0.004328914413568372,2000
S0_null,40,itt,v2,wilcoxon,power_holm_H1a,0.012,0.002434748446965312,2000
S0_null,40,itt,v2,wilcoxon,power_holm_H2a_EL,0.0045,0.0014966211945579282,2000
S0_null,40,itt,v2,wilcoxon,power_holm_H2b_GL,0.0045,0.0014966211945579282,2000
S0_null,40,itt,v2,wilcoxon,power_holm_H3,0.006,0.0017268468374467957,2000
S0_null,40,itt,v2,wilcoxon,fwer_twosided_holm,0.053,0.005009540897128199,2000
S0_null,40,itt,v2,wilcoxon,any_confirmed_holm,0.027,0.0036242930345103167,2000
S0_null,40,itt,v2,wilcoxon,all4_confirmed_holm,0.0,0.0,2000
S0_null,40,itt,v2,mannwhitney,power_holm_H1a,0.0115,0.0023840878758971955,2000
S0_null,40,itt,v2,mannwhitney,power_holm_H2a_EL,0.005,0.0015771810295587506,2000
S0_null,40,itt,v2,mannwhitney,power_holm_H2b_GL,0.006,0.0017268468374467957,2000
S0_null,40,itt,v2,mannwhitney,power_holm_H3,0.006,0.0017268468374467957,2000
S0_null,40,itt,v2,mannwhitney,fwer_twosided_holm,0.0505,0.00489641450451246,2000
S0_null,40,itt,v2,mannwhitney,any_confirmed_holm,0.0285,0.0037207358143249033,2000
S0_null,40,itt,v2,mannwhitney,all4_confirmed_holm,0.0,0.0,2000
S0_null,40,itt,strat,cox,type1_twosided_raw_H1a,0.0645,0.005492711079239468,2000
S0_null,40,itt,strat,cox,power_raw_H1a,0.034,0.0040524066923249445,2000
S0_null,40,itt,strat,wilcoxon,power_holm_H1a,0.0125,0.002484325864293974,2000
S0_null,40,itt,strat,wilcoxon,power_holm_H2a_EL,0.0045,0.0014966211945579282,2000
S0_null,40,itt,strat,wilcoxon,power_holm_H2b_GL,0.0045,0.0014966211945579282,2000
S0_null,40,itt,strat,wilcoxon,power_holm_H3,0.006,0.0017268468374467957,2000
S0_null,40,itt,strat,wilcoxon,fwer_twosided_holm,0.053,0.005009540897128199,2000
S0_null,40,itt,strat,wilcoxon,any_confirmed_holm,0.027,0.0036242930345103167,2000
S0_null,40,itt,strat,wilcoxon,all4_confirmed_holm,0.0,0.0,2000
S0_null,40,itt,strat,mannwhitney,power_holm_H1a,0.012,0.002434748446965312,2000
S0_null,40,itt,strat,mannwhitney,power_holm_H2a_EL,0.005,0.0015771810295587506,2000
S0_null,40,itt,strat,mannwhitney,power_holm_H2b_GL,0.006,0.0017268468374467957,2000
S0_null,40,itt,strat,mannwhitney,power_holm_H3,0.006,0.0017268468374467957,2000
S0_null,40,itt,strat,mannwhitney,fwer_twosided_holm,0.0505,0.00489641450451246,2000
S0_null,40,itt,strat,mannwhitney,any_confirmed_holm,0.0285,0.0037207358143249033,2000
S0_null,40,itt,strat,mannwhitney,all4_confirmed_holm,0.0,0.0,2000
S0_null,40,itt,v1,cox,nan_rate,0.095,,2000
S0_null,40,itt,strat,cox,nan_rate,0.131,,2000
S0_null,40,itt,-,jackknife,frac_failed_refits_mean,0.0,0.0,262
S0_null,40,itt,-,jackknife,frac_reps_with_jackknife,0.131,0.00754450130890041,2000
S0_null,40,itt,-,jackknife,frac_reps_jackknife_invalid,0.0,0.0,2000
S0_null,40,itt,v1,truth,coverage95_hr,0.9287292817679558,0.006047290747876699,1810
S0_null,40,itt,v1,truth,bias_ln_hr,0.0083091418095016,,2000
S0_null,40,itt,v1,truth,true_hr,0.995836567635673,,2000
S0_null,40,itt,v2,truth,coverage95_hr,0.9315,0.0056483515294287415,2000
S0_null,40,itt,v2,truth,bias_ln_hr,0.0083091418095016,,2000
S0_null,40,itt,v2,truth,true_hr,0.995836567635673,,2000
S0_null,40,itt,strat,truth,coverage95_hr,0.936,0.00547284204047586,2000
S0_null,40,itt,strat,truth,bias_ln_hr,0.009113561896134442,,2000
S0_null,40,itt,strat,truth,true_hr,0.996531212606795,,2000
S0_null,40,itt,-,truth,coverage95_transfer_b,0.9545,0.004659922209651143,2000
S0_null,40,itt,-,truth,bias_transfer_b,-0.08250475709180279,,2000
S0_null,40,itt,-,truth,true_transfer_b,0.08294160687963777,,2000
S0_null,40,itt,-,truth,true_hid_diff,-0.0010999999999999899,,2000
S1_planted,40,itt,-,wilcoxon,type1_twosided_raw_H2a_EL,0.6395,0.010736380907922371,2000
S1_planted,40,itt,-,wilcoxon,power_raw_H2a_EL,0.6395,0.010736380907922371,2000
S1_planted,40,itt,-,wilcoxon,type1_twosided_raw_H2b_GL,0.3075,0.01031852096959637,2000
S1_planted,40,itt,-,wilcoxon,power_raw_H2b_GL,0.3075,0.01031852096959637,2000
S1_planted,40,itt,-,mannwhitney,type1_twosided_raw_H2a_EL,0.6495,0.010668874120543367,2000
S1_planted,40,itt,-,mannwhitney,power_raw_H2a_EL,0.6495,0.010668874120543367,2000
S1_planted,40,itt,-,mannwhitney,type1_twosided_raw_H2b_GL,0.313,0.01036896812609625,2000
S1_planted,40,itt,-,mannwhitney,power_raw_H2b_GL,0.3125,0.010364452469860624,2000
S1_planted,40,itt,-,ancova,type1_twosided_raw_H3,0.73,0.009927235264664578,2000
S1_planted,40,itt,-,ancova,power_raw_H3,0.73,0.009927235264664578,2000
S1_planted,40,itt,-,il_null_check,type1_il_wilcoxon,0.0485,0.004803527349771208,2000
S1_planted,40,itt,-,il_null_check,type1_il_mannwhitney,0.039,0.004328914413568372,2000
S1_planted,40,itt,-,tost,equiv_confirmed,0.3505,0.010668874120543367,2000
S1_planted,40,itt,-,tost,mean_hid_diff,0.021174999999999992,,2000
S1_planted,40,itt,-,tost_paired,equiv_confirmed,0.401,0.010958991741944146,2000
S1_planted,40,itt,-,tost_paired,mean_hid_diff,0.021175,,2000
S1_planted,40,itt,v1,cox,type1_twosided_raw_H1a,0.9575,0.004510751046111944,2000
S1_planted,40,itt,v1,cox,power_raw_H1a,0.9575,0.004510751046111944,2000
S1_planted,40,itt,v1,wilcoxon,power_holm_H1a,0.9275,0.005798437289477226,2000
S1_planted,40,itt,v1,wilcoxon,power_holm_H2a_EL,0.4845,0.011174966442902638,2000
S1_planted,40,itt,v1,wilcoxon,power_holm_H2b_GL,0.213,0.009155080556718221,2000
S1_planted,40,itt,v1,wilcoxon,power_holm_H3,0.5965,0.010970135596244926,2000
S1_planted,40,itt,v1,wilcoxon,fwer_twosided_holm,0.9815,0.003013117156700015,2000
S1_planted,40,itt,v1,wilcoxon,any_confirmed_holm,0.9815,0.003013117156700015,2000
S1_planted,40,itt,v1,wilcoxon,all4_confirmed_holm,0.0975,0.006633014020790247,2000
S1_planted,40,itt,v1,mannwhitney,power_holm_H1a,0.929,0.005742778073371805,2000
S1_planted,40,itt,v1,mannwhitney,power_holm_H2a_EL,0.5065,0.01117939510885987,2000
S1_planted,40,itt,v1,mannwhitney,power_holm_H2b_GL,0.222,0.009292900515985308,2000
S1_planted,40,itt,v1,mannwhitney,power_holm_H3,0.596,0.010972328832112169,2000
S1_planted,40,itt,v1,mannwhitney,fwer_twosided_holm,0.9815,0.003013117156700015,2000
S1_planted,40,itt,v1,mannwhitney,any_confirmed_holm,0.9815,0.003013117156700015,2000
S1_planted,40,itt,v1,mannwhitney,all4_confirmed_holm,0.0965,0.006602565789145913,2000
S1_planted,40,itt,v2,cox,type1_twosided_raw_H1a,0.978,0.0032799390238234627,2000
S1_planted,40,itt,v2,cox,power_raw_H1a,0.978,0.0032799390238234627,2000
S1_planted,40,itt,v2,wilcoxon,power_holm_H1a,0.9455,0.005075911248239078,2000
S1_planted,40,itt,v2,wilcoxon,power_holm_H2a_EL,0.485,0.01117530760203047,2000
S1_planted,40,itt,v2,wilcoxon,power_holm_H2b_GL,0.2155,0.009194012997597947,2000
S1_planted,40,itt,v2,wilcoxon,power_holm_H3,0.597,0.010967930524944073,2000
S1_planted,40,itt,v2,wilcoxon,fwer_twosided_holm,0.9835,0.002848486440199423,2000
S1_planted,40,itt,v2,wilcoxon,any_confirmed_holm,0.9835,0.002848486440199423,2000
S1_planted,40,itt,v2,wilcoxon,all4_confirmed_holm,0.099,0.006678285708173917,2000
S1_planted,40,itt,v2,mannwhitney,power_holm_H1a,0.947,0.005009540897128201,2000
S1_planted,40,itt,v2,mannwhitney,power_holm_H2a_EL,0.5075,0.011179082028503056,2000
S1_planted,40,itt,v2,mannwhitney,power_holm_H2b_GL,0.222,0.009292900515985308,2000
S1_planted,40,itt,v2,mannwhitney,power_holm_H3,0.597,0.010967930524944073,2000
S1_planted,40,itt,v2,mannwhitney,fwer_twosided_holm,0.9835,0.002848486440199423,2000
S1_planted,40,itt,v2,mannwhitney,any_confirmed_holm,0.9835,0.002848486440199423,2000
S1_planted,40,itt,v2,mannwhitney,all4_confirmed_holm,0.0985,0.006663248081829162,2000
S1_planted,40,itt,strat,cox,type1_twosided_raw_H1a,0.9795,0.0031685761786644775,2000
S1_planted,40,itt,strat,cox,power_raw_H1a,0.9795,0.0031685761786644775,2000
S1_planted,40,itt,strat,wilcoxon,power_holm_H1a,0.952,0.004779958158812692,2000
S1_planted,40,itt,strat,wilcoxon,power_holm_H2a_EL,0.4865,0.011176263910627739,2000
S1_planted,40,itt,strat,wilcoxon,power_holm_H2b_GL,0.215,0.009186266924055712,2000
S1_planted,40,itt,strat,wilcoxon,power_holm_H3,0.597,0.010967930524944073,2000
S1_planted,40,itt,strat,wilcoxon,fwer_twosided_holm,0.985,0.002717995584985378,2000
S1_planted,40,itt,strat,wilcoxon,any_confirmed_holm,0.985,0.002717995584985378,2000
S1_planted,40,itt,strat,wilcoxon,all4_confirmed_holm,0.0995,0.006693270874542581,2000
S1_planted,40,itt,strat,mannwhitney,power_holm_H1a,0.952,0.004779958158812692,2000
S1_planted,40,itt,strat,mannwhitney,power_holm_H2a_EL,0.5075,0.011179082028503056,2000
S1_planted,40,itt,strat,mannwhitney,power_holm_H2b_GL,0.2235,0.009315249594079592,2000
S1_planted,40,itt,strat,mannwhitney,power_holm_H3,0.5965,0.010970135596244926,2000
S1_planted,40,itt,strat,mannwhitney,fwer_twosided_holm,0.986,0.0026271657732240663,2000
S1_planted,40,itt,strat,mannwhitney,any_confirmed_holm,0.986,0.0026271657732240663,2000
S1_planted,40,itt,strat,mannwhitney,all4_confirmed_holm,0.1005,0.006723085229267884,2000
S1_planted,40,itt,v1,cox,nan_rate,0.0215,,2000
S1_planted,40,itt,strat,cox,nan_rate,0.0325,,2000
S1_planted,40,itt,-,jackknife,frac_failed_refits_mean,0.0,0.0,65
S1_planted,40,itt,-,jackknife,frac_reps_with_jackknife,0.0325,0.003965081966365891,2000
S1_planted,40,itt,-,jackknife,frac_reps_jackknife_invalid,0.0,0.0,2000
S1_planted,40,itt,v1,truth,coverage95_hr,0.9029126213592233,0.006692815249042254,1957
S1_planted,40,itt,v1,truth,bias_ln_hr,0.10623991478518913,,2000
S1_planted,40,itt,v1,truth,true_hr,2.606837877001479,,2000
S1_planted,40,itt,v2,truth,coverage95_hr,0.9045,0.006571900410079265,2000
S1_planted,40,itt,v2,truth,bias_ln_hr,0.10623991478518913,,2000
S1_planted,40,itt,v2,truth,true_hr,2.606837877001479,,2000
S1_planted,40,itt,strat,truth,coverage95_hr,0.8875,0.007065541380531291,2000
S1_planted,40,itt,strat,truth,bias_ln_hr,0.14535429603742878,,2000
S1_planted,40,itt,strat,truth,true_hr,2.763631821049794,,2000
S1_planted,40,itt,-,truth,coverage95_transfer_b,0.951,0.004826955562256609,2000
S1_planted,40,itt,-,truth,bias_transfer_b,-0.038723030844332484,,2000
S1_planted,40,itt,-,truth,true_transfer_b,-1.364255727804673,,2000
S1_planted,40,itt,-,truth,true_hid_diff,-0.0022999999999999687,,2000
S1_planted,40,pp,-,wilcoxon,type1_twosided_raw_H2a_EL,0.5965,0.010970135596244926,2000
S1_planted,40,pp,-,wilcoxon,power_raw_H2a_EL,0.5965,0.010970135596244926,2000
S1_planted,40,pp,-,wilcoxon,type1_twosided_raw_H2b_GL,0.2915,0.010161883437631037,2000
S1_planted,40,pp,-,wilcoxon,power_raw_H2b_GL,0.291,0.010156746526324263,2000
S1_planted,40,pp,-,mannwhitney,type1_twosided_raw_H2a_EL,0.5925,0.01098735068157925,2000
S1_planted,40,pp,-,mannwhitney,power_raw_H2a_EL,0.5925,0.01098735068157925,2000
S1_planted,40,pp,-,mannwhitney,type1_twosided_raw_H2b_GL,0.287,0.010115112456122274,2000
S1_planted,40,pp,-,mannwhitney,power_raw_H2b_GL,0.286,0.010104553429023966,2000
S1_planted,40,pp,-,ancova,type1_twosided_raw_H3,0.6645,0.010557929484515418,2000
S1_planted,40,pp,-,ancova,power_raw_H3,0.6645,0.010557929484515418,2000
S1_planted,40,pp,-,il_null_check,type1_il_wilcoxon,0.051,0.004919298730510275,2000
S1_planted,40,pp,-,il_null_check,type1_il_mannwhitney,0.0405,0.004407933189148856,2000
S1_planted,40,pp,-,tost,equiv_confirmed,0.2765,0.010001193678756551,2000
S1_planted,40,pp,-,tost,mean_hid_diff,0.01979166666666666,,2000
S1_planted,40,pp,-,tost_paired,equiv_confirmed,0.294,0.01018734509084678,2000
S1_planted,40,pp,-,tost_paired,mean_hid_diff,0.019791666666666666,,2000
S1_planted,40,pp,v1,cox,type1_twosided_raw_H1a,0.9295,0.005724061058374553,2000
S1_planted,40,pp,v1,cox,power_raw_H1a,0.9295,0.005724061058374553,2000
S1_planted,40,pp,v1,wilcoxon,power_holm_H1a,0.8785,0.007305400399704318,2000
S1_planted,40,pp,v1,wilcoxon,power_holm_H2a_EL,0.4165,0.01102333320733797,2000
S1_planted,40,pp,v1,wilcoxon,power_holm_H2b_GL,0.1725,0.008448187675472178,2000
S1_planted,40,pp,v1,wilcoxon,power_holm_H3,0.5205,0.011170938859379725,2000
S1_planted,40,pp,v1,wilcoxon,fwer_twosided_holm,0.9495,0.0048964145045124596,2000
S1_planted,40,pp,v1,wilcoxon,any_confirmed_holm,0.9495,0.0048964145045124596,2000
S1_planted,40,pp,v1,wilcoxon,all4_confirmed_holm,0.073,0.005816829033072916,2000
S1_planted,40,pp,v1,mannwhitney,power_holm_H1a,0.88,0.0072663608498339805,2000
S1_planted,40,pp,v1,mannwhitney,power_holm_H2a_EL,0.4275,0.011062182198824967,2000
S1_planted,40,pp,v1,mannwhitney,power_holm_H2b_GL,0.1905,0.008780938161722813,2000
S1_planted,40,pp,v1,mannwhitney,power_holm_H3,0.5245,0.011166909823223254,2000
S1_planted,40,pp,v1,mannwhitney,fwer_twosided_holm,0.9545,0.004659922209651143,2000
S1_planted,40,pp,v1,mannwhitney,any_confirmed_holm,0.9545,0.004659922209651143,2000
S1_planted,40,pp,v1,mannwhitney,all4_confirmed_holm,0.0695,0.005686376262612245,2000
S1_planted,40,pp,v2,cox,type1_twosided_raw_H1a,0.9485,0.004942051699446293,2000
S1_planted,40,pp,v2,cox,power_raw_H1a,0.9485,0.004942051699446293,2000
S1_planted,40,pp,v2,wilcoxon,power_holm_H1a,0.8945,0.006869124762296869,2000
S1_planted,40,pp,v2,wilcoxon,power_holm_H2a_EL,0.418,0.011028961873177366,2000
S1_planted,40,pp,v2,wilcoxon,power_holm_H2b_GL,0.174,0.008477145746063352,2000
S1_planted,40,pp,v2,wilcoxon,power_holm_H3,0.5225,0.011169014056755413,2000
S1_planted,40,pp,v2,wilcoxon,fwer_twosided_holm,0.9535,0.004708383480558906,2000
S1_planted,40,pp,v2,wilcoxon,any_confirmed_holm,0.9535,0.004708383480558906,2000
S1_planted,40,pp,v2,wilcoxon,all4_confirmed_holm,0.0735,0.005835141386461857,2000
S1_planted,40,pp,v2,mannwhitney,power_holm_H1a,0.896,0.0068258332824644935,2000
S1_planted,40,pp,v2,mannwhitney,power_holm_H2a_EL,0.4285,0.011065436051055557,2000
S1_planted,40,pp,v2,mannwhitney,power_holm_H2b_GL,0.1915,0.00879851549978745,2000
S1_planted,40,pp,v2,mannwhitney,power_holm_H3,0.527,0.011164027051203344,2000
S1_planted,40,pp,v2,mannwhitney,fwer_twosided_holm,0.958,0.00448530935387962,2000
S1_planted,40,pp,v2,mannwhitney,any_confirmed_holm,0.958,0.00448530935387962,2000
S1_planted,40,pp,v2,mannwhitney,all4_confirmed_holm,0.0705,0.0057240610583745525,2000
S1_planted,40,pp,strat,cox,type1_twosided_raw_H1a,0.9565,0.004561126505590477,2000
S1_planted,40,pp,strat,cox,power_raw_H1a,0.9565,0.004561126505590477,2000
S1_planted,40,pp,strat,wilcoxon,power_holm_H1a,0.904,0.006587260432076448,2000
S1_planted,40,pp,strat,wilcoxon,power_holm_H2a_EL,0.418,0.011028961873177366,2000
S1_planted,40,pp,strat,wilcoxon,power_holm_H2b_GL,0.1755,0.008505872971071223,2000
S1_planted,40,pp,strat,wilcoxon,power_holm_H3,0.524,0.011167452708652945,2000
S1_planted,40,pp,strat,wilcoxon,fwer_twosided_holm,0.958,0.00448530935387962,2000
S1_planted,40,pp,strat,wilcoxon,any_confirmed_holm,0.958,0.00448530935387962,2000
S1_planted,40,pp,strat,wilcoxon,all4_confirmed_holm,0.0755,0.005907611615534657,2000
S1_planted,40,pp,strat,mannwhitney,power_holm_H1a,0.905,0.006556485338960196,2000
S1_planted,40,pp,strat,mannwhitney,power_holm_H2a_EL,0.428,0.011063814893606997,2000
S1_planted,40,pp,strat,mannwhitney,power_holm_H2b_GL,0.1925,0.008816001077586141,2000
S1_planted,40,pp,strat,mannwhitney,power_holm_H3,0.529,0.011161518713866855,2000
S1_planted,40,pp,strat,mannwhitney,fwer_twosided_holm,0.959,0.00443390347211123,2000
S1_planted,40,pp,strat,mannwhitney,any_confirmed_holm,0.959,0.00443390347211123,2000
S1_planted,40,pp,strat,mannwhitney,all4_confirmed_holm,0.074,0.005853375094763704,2000
S1_planted,40,pp,v1,cox,nan_rate,0.022,,2000
S1_planted,40,pp,strat,cox,nan_rate,0.033,,2000
S1_planted,40,pp,-,jackknife,frac_failed_refits_mean,0.0,0.0,66
S1_planted,40,pp,-,jackknife,frac_reps_with_jackknife,0.033,0.003994433626936364,2000
S1_planted,40,pp,-,jackknife,frac_reps_jackknife_invalid,0.0,0.0,2000
S2_N60,60,itt,-,wilcoxon,type1_twosided_raw_H2a_EL,0.84,0.011593101396951551,1000
S2_N60,60,itt,-,wilcoxon,power_raw_H2a_EL,0.84,0.011593101396951551,1000
S2_N60,60,itt,-,wilcoxon,type1_twosided_raw_H2b_GL,0.445,0.015715438269421567,1000
S2_N60,60,itt,-,wilcoxon,power_raw_H2b_GL,0.445,0.015715438269421567,1000
S2_N60,60,itt,-,mannwhitney,type1_twosided_raw_H2a_EL,0.828,0.011933817494833748,1000
S2_N60,60,itt,-,mannwhitney,power_raw_H2a_EL,0.828,0.011933817494833748,1000
S2_N60,60,itt,-,mannwhitney,type1_twosided_raw_H2b_GL,0.453,0.015741378592740853,1000
S2_N60,60,itt,-,mannwhitney,power_raw_H2b_GL,0.453,0.015741378592740853,1000
S2_N60,60,itt,-,ancova,type1_twosided_raw_H3,0.899,0.009528850927577784,1000
S2_N60,60,itt,-,ancova,power_raw_H3,0.899,0.009528850927577784,1000
S2_N60,60,itt,-,il_null_check,type1_il_wilcoxon,0.048,0.006759881655768835,1000
S2_N60,60,itt,-,il_null_check,type1_il_mannwhitney,0.037,0.005969170796685248,1000
S2_N60,60,itt,-,tost,equiv_confirmed,0.688,0.014651143300097778,1000
S2_N60,60,itt,-,tost,mean_hid_diff,0.015699999999999995,,1000
S2_N60,60,itt,-,tost_paired,equiv_confirmed,0.713,0.01430492922037715,1000
S2_N60,60,itt,-,tost_paired,mean_hid_diff,0.015699999999999995,,1000
S2_N60,60,itt,v1,cox,type1_twosided_raw_H1a,0.963,0.005969170796685251,1000
S2_N60,60,itt,v1,cox,power_raw_H1a,0.963,0.005969170796685251,1000
S2_N60,60,itt,v1,wilcoxon,power_holm_H1a,0.956,0.006485676526007139,1000
S2_N60,60,itt,v1,wilcoxon,power_holm_H2a_EL,0.754,0.013619251080731275,1000
S2_N60,60,itt,v1,wilcoxon,power_holm_H2b_GL,0.386,0.015394934231752989,1000
S2_N60,60,itt,v1,wilcoxon,power_holm_H3,0.829,0.011906258858264422,1000
S2_N60,60,itt,v1,wilcoxon,fwer_twosided_holm,0.998,0.0014127986409959495,1000
S2_N60,60,itt,v1,wilcoxon,any_confirmed_holm,0.998,0.0014127986409959495,1000
S2_N60,60,itt,v1,wilcoxon,all4_confirmed_holm,0.268,0.014006284303840188,1000
S2_N60,60,itt,v1,mannwhitney,power_holm_H1a,0.957,0.006414904519944161,1000
S2_N60,60,itt,v1,mannwhitney,power_holm_H2a_EL,0.76,0.013505554412907307,1000
S2_N60,60,itt,v1,mannwhitney,power_holm_H2b_GL,0.407,0.015535475531827147,1000
S2_N60,60,itt,v1,mannwhitney,power_holm_H3,0.833,0.01179453263168999,1000
S2_N60,60,itt,v1,mannwhitney,fwer_twosided_holm,1.0,0.0,1000
S2_N60,60,itt,v1,mannwhitney,any_confirmed_holm,1.0,0.0,1000
S2_N60,60,itt,v1,mannwhitney,all4_confirmed_holm,0.27,0.014039230748157109,1000
S2_N60,60,itt,v2,cox,type1_twosided_raw_H1a,1.0,0.0,1000
S2_N60,60,itt,v2,cox,power_raw_H1a,1.0,0.0,1000
S2_N60,60,itt,v2,wilcoxon,power_holm_H1a,0.993,0.002636474919281427,1000
S2_N60,60,itt,v2,wilcoxon,power_holm_H2a_EL,0.757,0.013562853682024296,1000
S2_N60,60,itt,v2,wilcoxon,power_holm_H2b_GL,0.389,0.015416841440450765,1000
S2_N60,60,itt,v2,wilcoxon,power_holm_H3,0.831,0.011850696182081458,1000
S2_N60,60,itt,v2,wilcoxon,fwer_twosided_holm,1.0,0.0,1000
S2_N60,60,itt,v2,wilcoxon,any_confirmed_holm,1.0,0.0,1000
S2_N60,60,itt,v2,wilcoxon,all4_confirmed_holm,0.283,0.014244683218660919,1000
S2_N60,60,itt,v2,mannwhitney,power_holm_H1a,0.994,0.002442130217658347,1000
S2_N60,60,itt,v2,mannwhitney,power_holm_H2a_EL,0.764,0.013427732496590778,1000
S2_N60,60,itt,v2,mannwhitney,power_holm_H2b_GL,0.413,0.0155701958882989,1000
S2_N60,60,itt,v2,mannwhitney,power_holm_H3,0.835,0.011737759581794136,1000
S2_N60,60,itt,v2,mannwhitney,fwer_twosided_holm,1.0,0.0,1000
S2_N60,60,itt,v2,mannwhitney,any_confirmed_holm,1.0,0.0,1000
S2_N60,60,itt,v2,mannwhitney,all4_confirmed_holm,0.287,0.01430492922037715,1000
S2_N60,60,itt,strat,cox,type1_twosided_raw_H1a,0.999,0.0009994998749374613,1000
S2_N60,60,itt,strat,cox,power_raw_H1a,0.999,0.0009994998749374613,1000
S2_N60,60,itt,strat,wilcoxon,power_holm_H1a,0.995,0.002230470802319547,1000
S2_N60,60,itt,strat,wilcoxon,power_holm_H2a_EL,0.758,0.013543854695026818,1000
S2_N60,60,itt,strat,wilcoxon,power_holm_H2b_GL,0.389,0.015416841440450765,1000
S2_N60,60,itt,strat,wilcoxon,power_holm_H3,0.831,0.011850696182081458,1000
S2_N60,60,itt,strat,wilcoxon,fwer_twosided_holm,1.0,0.0,1000
S2_N60,60,itt,strat,wilcoxon,any_confirmed_holm,1.0,0.0,1000
S2_N60,60,itt,strat,wilcoxon,all4_confirmed_holm,0.283,0.014244683218660919,1000
S2_N60,60,itt,strat,mannwhitney,power_holm_H1a,0.995,0.002230470802319547,1000
S2_N60,60,itt,strat,mannwhitney,power_holm_H2a_EL,0.765,0.013408019988051927,1000
S2_N60,60,itt,strat,mannwhitney,power_holm_H2b_GL,0.413,0.0155701958882989,1000
S2_N60,60,itt,strat,mannwhitney,power_holm_H3,0.835,0.011737759581794136,1000
S2_N60,60,itt,strat,mannwhitney,fwer_twosided_holm,1.0,0.0,1000
S2_N60,60,itt,strat,mannwhitney,any_confirmed_holm,1.0,0.0,1000
S2_N60,60,itt,strat,mannwhitney,all4_confirmed_holm,0.287,0.01430492922037715,1000
S2_N60,60,itt,v1,cox,nan_rate,0.037,,1000
S2_N60,60,itt,strat,cox,nan_rate,0.051,,1000
S2_N60,60,itt,-,jackknife,frac_failed_refits_mean,0.0,0.0,51
S2_N60,60,itt,-,jackknife,frac_reps_with_jackknife,0.051,0.00695693898205238,1000
S2_N60,60,itt,-,jackknife,frac_reps_jackknife_invalid,0.0,0.0,1000
S2_N60,60,itt,v1,truth,coverage95_hr,0.90134994807892,0.009609089413316615,963
S2_N60,60,itt,v1,truth,bias_ln_hr,0.06336598665332072,,1000
S2_N60,60,itt,v1,truth,true_hr,2.606837877001479,,1000
S2_N60,60,itt,v2,truth,coverage95_hr,0.905,0.009272270487857868,1000
S2_N60,60,itt,v2,truth,bias_ln_hr,0.06336598665332072,,1000
S2_N60,60,itt,v2,truth,true_hr,2.606837877001479,,1000
S2_N60,60,itt,strat,truth,coverage95_hr,0.887,0.010011543337567888,1000
S2_N60,60,itt,strat,truth,bias_ln_hr,0.09322286500285837,,1000
S2_N60,60,itt,strat,truth,true_hr,2.763631821049794,,1000
S2_N60,60,itt,-,truth,coverage95_transfer_b,0.956,0.006485676526007139,1000
S2_N60,60,itt,-,truth,bias_transfer_b,-0.03578200191061298,,1000
S2_N60,60,itt,-,truth,true_transfer_b,-1.364255727804673,,1000
S2_N60,60,itt,-,truth,true_hid_diff,-0.0022999999999999687,,1000
S2_N80,80,itt,-,wilcoxon,type1_twosided_raw_H2a_EL,0.922,0.008480330182251158,1000
S2_N80,80,itt,-,wilcoxon,power_raw_H2a_EL,0.922,0.008480330182251158,1000
S2_N80,80,itt,-,wilcoxon,type1_twosided_raw_H2b_GL,0.551,0.015728922404284407,1000
S2_N80,80,itt,-,wilcoxon,power_raw_H2b_GL,0.551,0.015728922404284407,1000
S2_N80,80,itt,-,mannwhitney,type1_twosided_raw_H2a_EL,0.922,0.008480330182251158,1000
S2_N80,80,itt,-,mannwhitney,power_raw_H2a_EL,0.922,0.008480330182251158,1000
S2_N80,80,itt,-,mannwhitney,type1_twosided_raw_H2b_GL,0.544,0.01575004761897563,1000
S2_N80,80,itt,-,mannwhitney,power_raw_H2b_GL,0.544,0.01575004761897563,1000
S2_N80,80,itt,-,ancova,type1_twosided_raw_H3,0.958,0.006343185319695463,1000
S2_N80,80,itt,-,ancova,power_raw_H3,0.958,0.006343185319695463,1000
S2_N80,80,itt,-,il_null_check,type1_il_wilcoxon,0.054,0.007147307185227175,1000
S2_N80,80,itt,-,il_null_check,type1_il_mannwhitney,0.039,0.006122009474020765,1000
S2_N80,80,itt,-,tost,equiv_confirmed,0.853,0.011197812286335219,1000
S2_N80,80,itt,-,tost,mean_hid_diff,0.011099999999999994,,1000
S2_N80,80,itt,-,tost_paired,equiv_confirmed,0.865,0.010806248192596726,1000
S2_N80,80,itt,-,tost_paired,mean_hid_diff,0.0111,,1000
S2_N80,80,itt,v1,cox,type1_twosided_raw_H1a,0.963,0.005969170796685251,1000
S2_N80,80,itt,v1,cox,power_raw_H1a,0.963,0.005969170796685251,1000
S2_N80,80,itt,v1,wilcoxon,power_holm_H1a,0.963,0.005969170796685251,1000
S2_N80,80,itt,v1,wilcoxon,power_holm_H2a_EL,0.89,0.009894442884771228,1000
S2_N80,80,itt,v1,wilcoxon,power_holm_H2b_GL,0.529,0.01578477114183161,1000
S2_N80,80,itt,v1,wilcoxon,power_holm_H3,0.936,0.007739767438366605,1000
S2_N80,80,itt,v1,wilcoxon,fwer_twosided_holm,1.0,0.0,1000
S2_N80,80,itt,v1,wilcoxon,any_confirmed_holm,1.0,0.0,1000
S2_N80,80,itt,v1,wilcoxon,all4_confirmed_holm,0.461,0.015763216676808068,1000
S2_N80,80,itt,v1,mannwhitney,power_holm_H1a,0.963,0.005969170796685251,1000
S2_N80,80,itt,v1,mannwhitney,power_holm_H2a_EL,0.893,0.009775019181566856,1000
S2_N80,80,itt,v1,mannwhitney,power_holm_H2b_GL,0.513,0.015806043148112688,1000
S2_N80,80,itt,v1,mannwhitney,power_holm_H3,0.937,0.007683163410991592,1000
S2_N80,80,itt,v1,mannwhitney,fwer_twosided_holm,1.0,0.0,1000
S2_N80,80,itt,v1,mannwhitney,any_confirmed_holm,1.0,0.0,1000
S2_N80,80,itt,v1,mannwhitney,all4_confirmed_holm,0.447,0.015722308990730335,1000
S2_N80,80,itt,v2,cox,type1_twosided_raw_H1a,1.0,0.0,1000
S2_N80,80,itt,v2,cox,power_raw_H1a,1.0,0.0,1000
S2_N80,80,itt,v2,wilcoxon,power_holm_H1a,1.0,0.0,1000
S2_N80,80,itt,v2,wilcoxon,power_holm_H2a_EL,0.893,0.009775019181566856,1000
S2_N80,80,itt,v2,wilcoxon,power_holm_H2b_GL,0.532,0.01577897335063343,1000
S2_N80,80,itt,v2,wilcoxon,power_holm_H3,0.937,0.007683163410991592,1000
S2_N80,80,itt,v2,wilcoxon,fwer_twosided_holm,1.0,0.0,1000
S2_N80,80,itt,v2,wilcoxon,any_confirmed_holm,1.0,0.0,1000
S2_N80,80,itt,v2,wilcoxon,all4_confirmed_holm,0.479,0.015797436500901024,1000
S2_N80,80,itt,v2,mannwhitney,power_holm_H1a,1.0,0.0,1000
S2_N80,80,itt,v2,mannwhitney,power_holm_H2a_EL,0.894,0.009734680272099335,1000
S2_N80,80,itt,v2,mannwhitney,power_holm_H2b_GL,0.519,0.01579996835439869,1000
S2_N80,80,itt,v2,mannwhitney,power_holm_H3,0.938,0.00762600813007697,1000
S2_N80,80,itt,v2,mannwhitney,fwer_twosided_holm,1.0,0.0,1000
S2_N80,80,itt,v2,mannwhitney,any_confirmed_holm,1.0,0.0,1000
S2_N80,80,itt,v2,mannwhitney,all4_confirmed_holm,0.465,0.01577260282895629,1000
S2_N80,80,itt,strat,cox,type1_twosided_raw_H1a,1.0,0.0,1000
S2_N80,80,itt,strat,cox,power_raw_H1a,1.0,0.0,1000
S2_N80,80,itt,strat,wilcoxon,power_holm_H1a,1.0,0.0,1000
S2_N80,80,itt,strat,wilcoxon,power_holm_H2a_EL,0.893,0.009775019181566856,1000
S2_N80,80,itt,strat,wilcoxon,power_holm_H2b_GL,0.532,0.01577897335063343,1000
S2_N80,80,itt,strat,wilcoxon,power_holm_H3,0.937,0.007683163410991592,1000
S2_N80,80,itt,strat,wilcoxon,fwer_twosided_holm,1.0,0.0,1000
S2_N80,80,itt,strat,wilcoxon,any_confirmed_holm,1.0,0.0,1000
S2_N80,80,itt,strat,wilcoxon,all4_confirmed_holm,0.479,0.015797436500901024,1000
S2_N80,80,itt,strat,mannwhitney,power_holm_H1a,1.0,0.0,1000
S2_N80,80,itt,strat,mannwhitney,power_holm_H2a_EL,0.894,0.009734680272099335,1000
S2_N80,80,itt,strat,mannwhitney,power_holm_H2b_GL,0.519,0.01579996835439869,1000
S2_N80,80,itt,strat,mannwhitney,power_holm_H3,0.938,0.00762600813007697,1000
S2_N80,80,itt,strat,mannwhitney,fwer_twosided_holm,1.0,0.0,1000
S2_N80,80,itt,strat,mannwhitney,any_confirmed_holm,1.0,0.0,1000
S2_N80,80,itt,strat,mannwhitney,all4_confirmed_holm,0.465,0.01577260282895629,1000
S2_N80,80,itt,v1,cox,nan_rate,0.037,,1000
S2_N80,80,itt,strat,cox,nan_rate,0.047,,1000
S2_N80,80,itt,-,jackknife,frac_failed_refits_mean,0.0,0.0,47
S2_N80,80,itt,-,jackknife,frac_reps_with_jackknife,0.047,0.006692607862410586,1000
S2_N80,80,itt,-,jackknife,frac_reps_jackknife_invalid,0.0,0.0,1000
S2_N80,80,itt,v1,truth,coverage95_hr,0.9106957424714434,0.009189874734079263,963
S2_N80,80,itt,v1,truth,bias_ln_hr,0.05494570093198181,,1000
S2_N80,80,itt,v1,truth,true_hr,2.606837877001479,,1000
S2_N80,80,itt,v2,truth,coverage95_hr,0.913,0.008912407082264588,1000
S2_N80,80,itt,v2,truth,bias_ln_hr,0.05494570093198181,,1000
S2_N80,80,itt,v2,truth,true_hr,2.606837877001479,,1000
S2_N80,80,itt,strat,truth,coverage95_hr,0.905,0.009272270487857868,1000
S2_N80,80,itt,strat,truth,bias_ln_hr,0.07907654725402447,,1000
S2_N80,80,itt,strat,truth,true_hr,2.763631821049794,,1000
S2_N80,80,itt,-,truth,coverage95_transfer_b,0.943,0.007331507348424336,1000
S2_N80,80,itt,-,truth,bias_transfer_b,-0.044008524317625364,,1000
S2_N80,80,itt,-,truth,true_transfer_b,-1.364255727804673,,1000
S2_N80,80,itt,-,truth,true_hid_diff,-0.0022999999999999687,,1000
S2_N100,100,itt,-,wilcoxon,type1_twosided_raw_H2a_EL,0.976,0.004839834707921338,1000
S2_N100,100,itt,-,wilcoxon,power_raw_H2a_EL,0.976,0.004839834707921338,1000
S2_N100,100,itt,-,wilcoxon,type1_twosided_raw_H2b_GL,0.668,0.014892145580808697,1000
S2_N100,100,itt,-,wilcoxon,power_raw_H2b_GL,0.668,0.014892145580808697,1000
S2_N100,100,itt,-,mannwhitney,type1_twosided_raw_H2a_EL,0.976,0.004839834707921338,1000
S2_N100,100,itt,-,mannwhitney,power_raw_H2a_EL,0.976,0.004839834707921338,1000
S2_N100,100,itt,-,mannwhitney,type1_twosided_raw_H2b_GL,0.663,0.014947608504372864,1000
S2_N100,100,itt,-,mannwhitney,power_raw_H2b_GL,0.663,0.014947608504372864,1000
S2_N100,100,itt,-,ancova,type1_twosided_raw_H3,0.982,0.004204283529925166,1000
S2_N100,100,itt,-,ancova,power_raw_H3,0.982,0.004204283529925166,1000
S2_N100,100,itt,-,il_null_check,type1_il_wilcoxon,0.045,0.0065555320150236475,1000
S2_N100,100,itt,-,il_null_check,type1_il_mannwhitney,0.038,0.006046155803483731,1000
S2_N100,100,itt,-,tost,equiv_confirmed,0.933,0.007906389820898028,1000
S2_N100,100,itt,-,tost,mean_hid_diff,0.008219999999999993,,1000
S2_N100,100,itt,-,tost_paired,equiv_confirmed,0.946,0.0071473071852271785,1000
S2_N100,100,itt,-,tost_paired,mean_hid_diff,0.00822,,1000
S2_N100,100,itt,v1,cox,type1_twosided_raw_H1a,0.946,0.0071473071852271785,1000
S2_N100,100,itt,v1,cox,power_raw_H1a,0.946,0.0071473071852271785,1000
S2_N100,100,itt,v1,wilcoxon,power_holm_H1a,0.946,0.0071473071852271785,1000
S2_N100,100,itt,v1,wilcoxon,power_holm_H2a_EL,0.966,0.005730968504537434,1000
S2_N100,100,itt,v1,wilcoxon,power_holm_H2b_GL,0.655,0.015032464867745409,1000
S2_N100,100,itt,v1,wilcoxon,power_holm_H3,0.973,0.005125524363418832,1000
S2_N100,100,itt,v1,wilcoxon,fwer_twosided_holm,0.998,0.0014127986409959495,1000
S2_N100,100,itt,v1,wilcoxon,any_confirmed_holm,0.998,0.0014127986409959495,1000
S2_N100,100,itt,v1,wilcoxon,all4_confirmed_holm,0.603,0.01547226550961429,1000
S2_N100,100,itt,v1,mannwhitney,power_holm_H1a,0.946,0.0071473071852271785,1000
S2_N100,100,itt,v1,mannwhitney,power_holm_H2a_EL,0.964,0.005891010100144119,1000
S2_N100,100,itt,v1,mannwhitney,power_holm_H2b_GL,0.652,0.015063067416698366,1000
S2_N100,100,itt,v1,mannwhitney,power_holm_H3,0.972,0.005216895628628201,1000
S2_N100,100,itt,v1,mannwhitney,fwer_twosided_holm,0.997,0.0017294507798720387,1000
S2_N100,100,itt,v1,mannwhitney,any_confirmed_holm,0.997,0.0017294507798720387,1000
S2_N100,100,itt,v1,mannwhitney,all4_confirmed_holm,0.598,0.015504708962118573,1000
S2_N100,100,itt,v2,cox,type1_twosided_raw_H1a,1.0,0.0,1000
S2_N100,100,itt,v2,cox,power_raw_H1a,1.0,0.0,1000
S2_N100,100,itt,v2,wilcoxon,power_holm_H1a,1.0,0.0,1000
S2_N100,100,itt,v2,wilcoxon,power_holm_H2a_EL,0.968,0.005565608681896351,1000
S2_N100,100,itt,v2,wilcoxon,power_holm_H2b_GL,0.661,0.014969268519202933,1000
S2_N100,100,itt,v2,wilcoxon,power_holm_H3,0.976,0.004839834707921338,1000
S2_N100,100,itt,v2,wilcoxon,fwer_twosided_holm,1.0,0.0,1000
S2_N100,100,itt,v2,wilcoxon,any_confirmed_holm,1.0,0.0,1000
S2_N100,100,itt,v2,wilcoxon,all4_confirmed_holm,0.629,0.015276092432294327,1000
S2_N100,100,itt,v2,mannwhitney,power_holm_H1a,1.0,0.0,1000
S2_N100,100,itt,v2,mannwhitney,power_holm_H2a_EL,0.967,0.005648982209212561,1000
S2_N100,100,itt,v2,mannwhitney,power_holm_H2b_GL,0.656,0.015022117027902558,1000
S2_N100,100,itt,v2,mannwhitney,power_holm_H3,0.974,0.005032295698784007,1000
S2_N100,100,itt,v2,mannwhitney,fwer_twosided_holm,1.0,0.0,1000
S2_N100,100,itt,v2,mannwhitney,any_confirmed_holm,1.0,0.0,1000
S2_N100,100,itt,v2,mannwhitney,all4_confirmed_holm,0.625,0.015309310892394862,1000
S2_N100,100,itt,strat,cox,type1_twosided_raw_H1a,1.0,0.0,1000
S2_N100,100,itt,strat,cox,power_raw_H1a,1.0,0.0,1000
S2_N100,100,itt,strat,wilcoxon,power_holm_H1a,1.0,0.0,1000
S2_N100,100,itt,strat,wilcoxon,power_holm_H2a_EL,0.968,0.005565608681896351,1000
S2_N100,100,itt,strat,wilcoxon,power_holm_H2b_GL,0.661,0.014969268519202933,1000
S2_N100,100,itt,strat,wilcoxon,power_holm_H3,0.976,0.004839834707921338,1000
S2_N100,100,itt,strat,wilcoxon,fwer_twosided_holm,1.0,0.0,1000
S2_N100,100,itt,strat,wilcoxon,any_confirmed_holm,1.0,0.0,1000
S2_N100,100,itt,strat,wilcoxon,all4_confirmed_holm,0.629,0.015276092432294327,1000
S2_N100,100,itt,strat,mannwhitney,power_holm_H1a,1.0,0.0,1000
S2_N100,100,itt,strat,mannwhitney,power_holm_H2a_EL,0.967,0.005648982209212561,1000
S2_N100,100,itt,strat,mannwhitney,power_holm_H2b_GL,0.656,0.015022117027902558,1000
S2_N100,100,itt,strat,mannwhitney,power_holm_H3,0.974,0.005032295698784007,1000
S2_N100,100,itt,strat,mannwhitney,fwer_twosided_holm,1.0,0.0,1000
S2_N100,100,itt,strat,mannwhitney,any_confirmed_holm,1.0,0.0,1000
S2_N100,100,itt,strat,mannwhitney,all4_confirmed_holm,0.625,0.015309310892394862,1000
S2_N100,100,itt,v1,cox,nan_rate,0.054,,1000
S2_N100,100,itt,strat,cox,nan_rate,0.058,,1000
S2_N100,100,itt,-,jackknife,frac_failed_refits_mean,0.0,0.0,58
S2_N100,100,itt,-,jackknife,frac_reps_with_jackknife,0.058,0.007391616873188166,1000
S2_N100,100,itt,-,jackknife,frac_reps_jackknife_invalid,0.0,0.0,1000
S2_N100,100,itt,v1,truth,coverage95_hr,0.9228329809725159,0.008676245802662573,946
S2_N100,100,itt,v1,truth,bias_ln_hr,0.04848142706024361,,1000
S2_N100,100,itt,v1,truth,true_hr,2.606837877001479,,1000
S2_N100,100,itt,v2,truth,coverage95_hr,0.923,0.008430361795320529,1000
S2_N100,100,itt,v2,truth,bias_ln_hr,0.04848142706024361,,1000
S2_N100,100,itt,v2,truth,true_hr,2.606837877001479,,1000
S2_N100,100,itt,strat,truth,coverage95_hr,0.91,0.009049861877399012,1000
S2_N100,100,itt,strat,truth,bias_ln_hr,0.06914053449568991,,1000
S2_N100,100,itt,strat,truth,true_hr,2.763631821049794,,1000
S2_N100,100,itt,-,truth,coverage95_transfer_b,0.937,0.007683163410991592,1000
S2_N100,100,itt,-,truth,bias_transfer_b,-0.0401612066723982,,1000
S2_N100,100,itt,-,truth,true_transfer_b,-1.364255727804673,,1000
S2_N100,100,itt,-,truth,true_hid_diff,-0.0022999999999999687,,1000
S2_N120,120,itt,-,wilcoxon,type1_twosided_raw_H2a_EL,0.99,0.003146426544510456,1000
S2_N120,120,itt,-,wilcoxon,power_raw_H2a_EL,0.99,0.003146426544510456,1000
S2_N120,120,itt,-,wilcoxon,type1_twosided_raw_H2b_GL,0.743,0.013818502089589886,1000
S2_N120,120,itt,-,wilcoxon,power_raw_H2b_GL,0.743,0.013818502089589886,1000
S2_N120,120,itt,-,mannwhitney,type1_twosided_raw_H2a_EL,0.991,0.0029864694875387575,1000
S2_N120,120,itt,-,mannwhitney,power_raw_H2a_EL,0.991,0.0029864694875387575,1000
S2_N120,120,itt,-,mannwhitney,type1_twosided_raw_H2b_GL,0.727,0.014087973594523805,1000
S2_N120,120,itt,-,mannwhitney,power_raw_H2b_GL,0.727,0.014087973594523805,1000
S2_N120,120,itt,-,ancova,type1_twosided_raw_H3,0.995,0.002230470802319547,1000
S2_N120,120,itt,-,ancova,power_raw_H3,0.995,0.002230470802319547,1000
S2_N120,120,itt,-,il_null_check,type1_il_wilcoxon,0.051,0.00695693898205238,1000
S2_N120,120,itt,-,il_null_check,type1_il_mannwhitney,0.036,0.005891010100144117,1000
S2_N120,120,itt,-,tost,equiv_confirmed,0.959,0.006270486424512857,1000
S2_N120,120,itt,-,tost,mean_hid_diff,0.00605833333333333,,1000
S2_N120,120,itt,-,tost_paired,equiv_confirmed,0.963,0.005969170796685251,1000
S2_N120,120,itt,-,tost_paired,mean_hid_diff,0.0060583333333333305,,1000
S2_N120,120,itt,v1,cox,type1_twosided_raw_H1a,0.941,0.007451107300260817,1000
S2_N120,120,itt,v1,cox,power_raw_H1a,0.941,0.007451107300260817,1000
S2_N120,120,itt,v1,wilcoxon,power_holm_H1a,0.941,0.007451107300260817,1000
S2_N120,120,itt,v1,wilcoxon,power_holm_H2a_EL,0.988,0.003443254274665176,1000
S2_N120,120,itt,v1,wilcoxon,power_holm_H2b_GL,0.733,0.013989674763910703,1000
S2_N120,120,itt,v1,wilcoxon,power_holm_H3,0.991,0.0029864694875387575,1000
S2_N120,120,itt,v1,wilcoxon,fwer_twosided_holm,1.0,0.0,1000
S2_N120,120,itt,v1,wilcoxon,any_confirmed_holm,1.0,0.0,1000
S2_N120,120,itt,v1,wilcoxon,all4_confirmed_holm,0.686,0.01467664811869522,1000
S2_N120,120,itt,v1,mannwhitney,power_holm_H1a,0.941,0.007451107300260817,1000
S2_N120,120,itt,v1,mannwhitney,power_holm_H2a_EL,0.988,0.003443254274665176,1000
S2_N120,120,itt,v1,mannwhitney,power_holm_H2b_GL,0.719,0.014214042352547005,1000
S2_N120,120,itt,v1,mannwhitney,power_holm_H3,0.991,0.0029864694875387575,1000
S2_N120,120,itt,v1,mannwhitney,fwer_twosided_holm,1.0,0.0,1000
S2_N120,120,itt,v1,mannwhitney,any_confirmed_holm,1.0,0.0,1000
S2_N120,120,itt,v1,mannwhitney,all4_confirmed_holm,0.676,0.014799459449588015,1000
S2_N120,120,itt,v2,cox,type1_twosided_raw_H1a,1.0,0.0,1000
S2_N120,120,itt,v2,cox,power_raw_H1a,1.0,0.0,1000
S2_N120,120,itt,v2,wilcoxon,power_holm_H1a,1.0,0.0,1000
S2_N120,120,itt,v2,wilcoxon,power_holm_H2a_EL,0.988,0.003443254274665176,1000
S2_N120,120,itt,v2,wilcoxon,power_holm_H2b_GL,0.742,0.013836039895866157,1000
S2_N120,120,itt,v2,wilcoxon,power_holm_H3,0.992,0.0028170906978654425,1000
S2_N120,120,itt,v2,wilcoxon,fwer_twosided_holm,1.0,0.0,1000
S2_N120,120,itt,v2,wilcoxon,any_confirmed_holm,1.0,0.0,1000
S2_N120,120,itt,v2,wilcoxon,all4_confirmed_holm,0.729,0.014055568291606,1000
S2_N120,120,itt,v2,mannwhitney,power_holm_H1a,1.0,0.0,1000
S2_N120,120,itt,v2,mannwhitney,power_holm_H2a_EL,0.988,0.003443254274665176,1000
S2_N120,120,itt,v2,mannwhitney,power_holm_H2b_GL,0.726,0.014104041973845655,1000
S2_N120,120,itt,v2,mannwhitney,power_holm_H3,0.992,0.0028170906978654425,1000
S2_N120,120,itt,v2,mannwhitney,fwer_twosided_holm,1.0,0.0,1000
S2_N120,120,itt,v2,mannwhitney,any_confirmed_holm,1.0,0.0,1000
S2_N120,120,itt,v2,mannwhitney,all4_confirmed_holm,0.715,0.014274978108564651,1000
S2_N120,120,itt,strat,cox,type1_twosided_raw_H1a,1.0,0.0,1000
S2_N120,120,itt,strat,cox,power_raw_H1a,1.0,0.0,1000
S2_N120,120,itt,strat,wilcoxon,power_holm_H1a,1.0,0.0,1000
S2_N120,120,itt,strat,wilcoxon,power_holm_H2a_EL,0.988,0.003443254274665176,1000
S2_N120,120,itt,strat,wilcoxon,power_holm_H2b_GL,0.742,0.013836039895866157,1000
S2_N120,120,itt,strat,wilcoxon,power_holm_H3,0.992,0.0028170906978654425,1000
S2_N120,120,itt,strat,wilcoxon,fwer_twosided_holm,1.0,0.0,1000
S2_N120,120,itt,strat,wilcoxon,any_confirmed_holm,1.0,0.0,1000
S2_N120,120,itt,strat,wilcoxon,all4_confirmed_holm,0.729,0.014055568291606,1000
S2_N120,120,itt,strat,mannwhitney,power_holm_H1a,1.0,0.0,1000
S2_N120,120,itt,strat,mannwhitney,power_holm_H2a_EL,0.988,0.003443254274665176,1000
S2_N120,120,itt,strat,mannwhitney,power_holm_H2b_GL,0.726,0.014104041973845655,1000
S2_N120,120,itt,strat,mannwhitney,power_holm_H3,0.992,0.0028170906978654425,1000
S2_N120,120,itt,strat,mannwhitney,fwer_twosided_holm,1.0,0.0,1000
S2_N120,120,itt,strat,mannwhitney,any_confirmed_holm,1.0,0.0,1000
S2_N120,120,itt,strat,mannwhitney,all4_confirmed_holm,0.715,0.014274978108564651,1000
S2_N120,120,itt,v1,cox,nan_rate,0.059,,1000
S2_N120,120,itt,strat,cox,nan_rate,0.069,,1000
S2_N120,120,itt,-,jackknife,frac_failed_refits_mean,0.0,0.0,69
S2_N120,120,itt,-,jackknife,frac_reps_with_jackknife,0.069,0.008014923580421713,1000
S2_N120,120,itt,-,jackknife,frac_reps_jackknife_invalid,0.0,0.0,1000
S2_N120,120,itt,v1,truth,coverage95_hr,0.9171094580233794,0.008988107624461797,941
S2_N120,120,itt,v1,truth,bias_ln_hr,0.036345720720071584,,1000
S2_N120,120,itt,v1,truth,true_hr,2.606837877001479,,1000
S2_N120,120,itt,v2,truth,coverage95_hr,0.921,0.008529888627643386,1000
S2_N120,120,itt,v2,truth,bias_ln_hr,0.036345720720071584,,1000
S2_N120,120,itt,v2,truth,true_hr,2.606837877001479,,1000
S2_N120,120,itt,strat,truth,coverage95_hr,0.915,0.008819013550278736,1000
S2_N120,120,itt,strat,truth,bias_ln_hr,0.053794889868286955,,1000
S2_N120,120,itt,strat,truth,true_hr,2.763631821049794,,1000
S2_N120,120,itt,-,truth,coverage95_transfer_b,0.938,0.00762600813007697,1000
S2_N120,120,itt,-,truth,bias_transfer_b,-0.05529991166894188,,1000
S2_N120,120,itt,-,truth,true_transfer_b,-1.364255727804673,,1000
S2_N120,120,itt,-,truth,true_hid_diff,-0.0022999999999999687,,1000
S2_N160,160,itt,-,wilcoxon,type1_twosided_raw_H2a_EL,0.997,0.0017294507798720387,1000
S2_N160,160,itt,-,wilcoxon,power_raw_H2a_EL,0.997,0.0017294507798720387,1000
S2_N160,160,itt,-,wilcoxon,type1_twosided_raw_H2b_GL,0.895,0.009694070352540258,1000
S2_N160,160,itt,-,wilcoxon,power_raw_H2b_GL,0.895,0.009694070352540258,1000
S2_N160,160,itt,-,mannwhitney,type1_twosided_raw_H2a_EL,0.996,0.0019959959919799443,1000
S2_N160,160,itt,-,mannwhitney,power_raw_H2a_EL,0.996,0.0019959959919799443,1000
S2_N160,160,itt,-,mannwhitney,type1_twosided_raw_H2b_GL,0.876,0.010422283818818216,1000
S2_N160,160,itt,-,mannwhitney,power_raw_H2b_GL,0.876,0.010422283818818216,1000
S2_N160,160,itt,-,ancova,type1_twosided_raw_H3,1.0,0.0,1000
S2_N160,160,itt,-,ancova,power_raw_H3,1.0,0.0,1000
S2_N160,160,itt,-,il_null_check,type1_il_wilcoxon,0.049,0.006826346021115542,1000
S2_N160,160,itt,-,il_null_check,type1_il_mannwhitney,0.046,0.006624499981130651,1000
S2_N160,160,itt,-,tost,equiv_confirmed,0.996,0.0019959959919799443,1000
S2_N160,160,itt,-,tost,mean_hid_diff,0.005724999999999997,,1000
S2_N160,160,itt,-,tost_paired,equiv_confirmed,0.996,0.0019959959919799443,1000
S2_N160,160,itt,-,tost_paired,mean_hid_diff,0.005725000000000001,,1000
S2_N160,160,itt,v1,cox,type1_twosided_raw_H1a,0.927,0.008226238508577293,1000
S2_N160,160,itt,v1,cox,power_raw_H1a,0.927,0.008226238508577293,1000
S2_N160,160,itt,v1,wilcoxon,power_holm_H1a,0.927,0.008226238508577293,1000
S2_N160,160,itt,v1,wilcoxon,power_holm_H2a_EL,0.996,0.0019959959919799443,1000
S2_N160,160,itt,v1,wilcoxon,power_holm_H2b_GL,0.888,0.00997276290703835,1000
S2_N160,160,itt,v1,wilcoxon,power_holm_H3,1.0,0.0,1000
S2_N160,160,itt,v1,wilcoxon,fwer_twosided_holm,1.0,0.0,1000
S2_N160,160,itt,v1,wilcoxon,any_confirmed_holm,1.0,0.0,1000
S2_N160,160,itt,v1,wilcoxon,all4_confirmed_holm,0.827,0.011961229033840963,1000
S2_N160,160,itt,v1,mannwhitney,power_holm_H1a,0.927,0.008226238508577293,1000
S2_N160,160,itt,v1,mannwhitney,power_holm_H2a_EL,0.996,0.0019959959919799443,1000
S2_N160,160,itt,v1,mannwhitney,power_holm_H2b_GL,0.873,0.010529529904036551,1000
S2_N160,160,itt,v1,mannwhitney,power_holm_H3,1.0,0.0,1000
S2_N160,160,itt,v1,mannwhitney,fwer_twosided_holm,1.0,0.0,1000
S2_N160,160,itt,v1,mannwhitney,any_confirmed_holm,1.0,0.0,1000
S2_N160,160,itt,v1,mannwhitney,all4_confirmed_holm,0.813,0.012330085157856779,1000
S2_N160,160,itt,v2,cox,type1_twosided_raw_H1a,1.0,0.0,1000
S2_N160,160,itt,v2,cox,power_raw_H1a,1.0,0.0,1000
S2_N160,160,itt,v2,wilcoxon,power_holm_H1a,1.0,0.0,1000
S2_N160,160,itt,v2,wilcoxon,power_holm_H2a_EL,0.997,0.0017294507798720387,1000
S2_N160,160,itt,v2,wilcoxon,power_holm_H2b_GL,0.894,0.009734680272099335,1000
S2_N160,160,itt,v2,wilcoxon,power_holm_H3,1.0,0.0,1000
S2_N160,160,itt,v2,wilcoxon,fwer_twosided_holm,1.0,0.0,1000
S2_N160,160,itt,v2,wilcoxon,any_confirmed_holm,1.0,0.0,1000
S2_N160,160,itt,v2,wilcoxon,all4_confirmed_holm,0.892,0.009815090422405694,1000
S2_N160,160,itt,v2,mannwhitney,power_holm_H1a,1.0,0.0,1000
S2_N160,160,itt,v2,mannwhitney,power_holm_H2a_EL,0.996,0.0019959959919799443,1000
S2_N160,160,itt,v2,mannwhitney,power_holm_H2b_GL,0.876,0.010422283818818216,1000
S2_N160,160,itt,v2,mannwhitney,power_holm_H3,1.0,0.0,1000
S2_N160,160,itt,v2,mannwhitney,fwer_twosided_holm,1.0,0.0,1000
S2_N160,160,itt,v2,mannwhitney,any_confirmed_holm,1.0,0.0,1000
S2_N160,160,itt,v2,mannwhitney,all4_confirmed_holm,0.873,0.010529529904036551,1000
S2_N160,160,itt,strat,cox,type1_twosided_raw_H1a,1.0,0.0,1000
S2_N160,160,itt,strat,cox,power_raw_H1a,1.0,0.0,1000
S2_N160,160,itt,strat,wilcoxon,power_holm_H1a,1.0,0.0,1000
S2_N160,160,itt,strat,wilcoxon,power_holm_H2a_EL,0.997,0.0017294507798720387,1000
S2_N160,160,itt,strat,wilcoxon,power_holm_H2b_GL,0.894,0.009734680272099335,1000
S2_N160,160,itt,strat,wilcoxon,power_holm_H3,1.0,0.0,1000
S2_N160,160,itt,strat,wilcoxon,fwer_twosided_holm,1.0,0.0,1000
S2_N160,160,itt,strat,wilcoxon,any_confirmed_holm,1.0,0.0,1000
S2_N160,160,itt,strat,wilcoxon,all4_confirmed_holm,0.892,0.009815090422405694,1000
S2_N160,160,itt,strat,mannwhitney,power_holm_H1a,1.0,0.0,1000
S2_N160,160,itt,strat,mannwhitney,power_holm_H2a_EL,0.996,0.0019959959919799443,1000
S2_N160,160,itt,strat,mannwhitney,power_holm_H2b_GL,0.876,0.010422283818818216,1000
S2_N160,160,itt,strat,mannwhitney,power_holm_H3,1.0,0.0,1000
S2_N160,160,itt,strat,mannwhitney,fwer_twosided_holm,1.0,0.0,1000
S2_N160,160,itt,strat,mannwhitney,any_confirmed_holm,1.0,0.0,1000
S2_N160,160,itt,strat,mannwhitney,all4_confirmed_holm,0.873,0.010529529904036551,1000
S2_N160,160,itt,v1,cox,nan_rate,0.073,,1000
S2_N160,160,itt,strat,cox,nan_rate,0.092,,1000
S2_N160,160,itt,-,jackknife,frac_failed_refits_mean,0.0,0.0,92
S2_N160,160,itt,-,jackknife,frac_reps_with_jackknife,0.092,0.00913980306133562,1000
S2_N160,160,itt,-,jackknife,frac_reps_jackknife_invalid,0.0,0.0,1000
S2_N160,160,itt,v1,truth,coverage95_hr,0.9374325782092773,0.007954342441020704,927
S2_N160,160,itt,v1,truth,bias_ln_hr,0.031219117703071175,,1000
S2_N160,160,itt,v1,truth,true_hr,2.606837877001479,,1000
S2_N160,160,itt,v2,truth,coverage95_hr,0.938,0.00762600813007697,1000
S2_N160,160,itt,v2,truth,bias_ln_hr,0.031219117703071175,,1000
S2_N160,160,itt,v2,truth,true_hr,2.606837877001479,,1000
S2_N160,160,itt,strat,truth,coverage95_hr,0.926,0.008277922444671728,1000
S2_N160,160,itt,strat,truth,bias_ln_hr,0.04525296514832644,,1000
S2_N160,160,itt,strat,truth,true_hr,2.763631821049794,,1000
S2_N160,160,itt,-,truth,coverage95_transfer_b,0.945,0.007209368904418752,1000
S2_N160,160,itt,-,truth,bias_transfer_b,-0.062367363599303616,,1000
S2_N160,160,itt,-,truth,true_transfer_b,-1.364255727804673,,1000
S2_N160,160,itt,-,truth,true_hid_diff,-0.0022999999999999687,,1000
S3_viol6,40,itt,-,wilcoxon,type1_twosided_raw_H2a_EL,0.646,0.010693081875680181,2000
S3_viol6,40,itt,-,wilcoxon,power_raw_H2a_EL,0.646,0.010693081875680181,2000
S3_viol6,40,itt,-,wilcoxon,type1_twosided_raw_H2b_GL,0.321,0.010439324690802563,2000
S3_viol6,40,itt,-,wilcoxon,power_raw_H2b_GL,0.321,0.010439324690802563,2000
S3_viol6,40,itt,-,mannwhitney,type1_twosided_raw_H2a_EL,0.647,0.010686229456641851,2000
S3_viol6,40,itt,-,mannwhitney,power_raw_H2a_EL,0.647,0.010686229456641851,2000
S3_viol6,40,itt,-,mannwhitney,type1_twosided_raw_H2b_GL,0.316,0.010395768369870502,2000
S3_viol6,40,itt,-,mannwhitney,power_raw_H2b_GL,0.3155,0.010391336535787877,2000
S3_viol6,40,itt,-,ancova,type1_twosided_raw_H3,0.7465,0.009727223396221554,2000
S3_viol6,40,itt,-,ancova,power_raw_H3,0.7465,0.009727223396221554,2000
S3_viol6,40,itt,-,il_null_check,type1_il_wilcoxon,0.051,0.004919298730510275,2000
S3_viol6,40,itt,-,il_null_check,type1_il_mannwhitney,0.039,0.004328914413568372,2000
S3_viol6,40,itt,-,tost,equiv_confirmed,0.3295,0.010510227162150207,2000
S3_viol6,40,itt,-,tost,mean_hid_diff,0.019962499999999998,,2000
S3_viol6,40,itt,-,tost_paired,equiv_confirmed,0.3865,0.010888474411045838,2000
S3_viol6,40,itt,-,tost_paired,mean_hid_diff,0.019962499999999998,,2000
S3_viol6,40,itt,v1,cox,type1_twosided_raw_H1a,0.9755,0.0034568591235397466,2000
S3_viol6,40,itt,v1,cox,power_raw_H1a,0.9755,0.0034568591235397466,2000
S3_viol6,40,itt,v1,wilcoxon,power_holm_H1a,0.957,0.004536022486716751,2000
S3_viol6,40,itt,v1,wilcoxon,power_holm_H2a_EL,0.4925,0.011179082028503056,2000
S3_viol6,40,itt,v1,wilcoxon,power_holm_H2b_GL,0.223,0.009307819293475782,2000
S3_viol6,40,itt,v1,wilcoxon,power_holm_H3,0.625,0.010825317547305483,2000
S3_viol6,40,itt,v1,wilcoxon,fwer_twosided_holm,0.986,0.0026271657732240663,2000
S3_viol6,40,itt,v1,wilcoxon,any_confirmed_holm,0.986,0.0026271657732240663,2000
S3_viol6,40,itt,v1,wilcoxon,all4_confirmed_holm,0.11,0.006996427659884721,2000
S3_viol6,40,itt,v1,mannwhitney,power_holm_H1a,0.9565,0.004561126505590477,2000
S3_viol6,40,itt,v1,mannwhitney,power_holm_H2a_EL,0.5245,0.011166909823223254,2000
S3_viol6,40,itt,v1,mannwhitney,power_holm_H2b_GL,0.236,0.009494840704298308,2000
S3_viol6,40,itt,v1,mannwhitney,power_holm_H3,0.6245,0.010828198141888613,2000
S3_viol6,40,itt,v1,mannwhitney,fwer_twosided_holm,0.986,0.0026271657732240663,2000
S3_viol6,40,itt,v1,mannwhitney,any_confirmed_holm,0.986,0.0026271657732240663,2000
S3_viol6,40,itt,v1,mannwhitney,all4_confirmed_holm,0.1075,0.0069261731858220234,2000
S3_viol6,40,itt,v2,cox,type1_twosided_raw_H1a,0.9935,0.0017969070649312877,2000
S3_viol6,40,itt,v2,cox,power_raw_H1a,0.9935,0.0017969070649312877,2000
S3_viol6,40,itt,v2,wilcoxon,power_holm_H1a,0.9735,0.00359150038284837,2000
S3_viol6,40,itt,v2,wilcoxon,power_holm_H2a_EL,0.4935,0.01117939510885987,2000
S3_viol6,40,itt,v2,wilcoxon,power_holm_H2b_GL,0.224,0.009322660564452618,2000
S3_viol6,40,itt,v2,wilcoxon,power_holm_H3,0.627,0.010813671901810226,2000
S3_viol6,40,itt,v2,wilcoxon,fwer_twosided_holm,0.9905,0.0021690723823791537,2000
S3_viol6,40,itt,v2,wilcoxon,any_confirmed_holm,0.9905,0.0021690723823791537,2000
S3_viol6,40,itt,v2,wilcoxon,all4_confirmed_holm,0.1115,0.007038030619427568,2000
S3_viol6,40,itt,v2,mannwhitney,power_holm_H1a,0.973,0.0036242930345103184,2000
S3_viol6,40,itt,v2,mannwhitney,power_holm_H2a_EL,0.525,0.011166355717063647,2000
S3_viol6,40,itt,v2,mannwhitney,power_holm_H2b_GL,0.237,0.009508706536643142,2000
S3_viol6,40,itt,v2,mannwhitney,power_holm_H3,0.626,0.010819519397829092,2000
S3_viol6,40,itt,v2,mannwhitney,fwer_twosided_holm,0.9905,0.0021690723823791537,2000
S3_viol6,40,itt,v2,mannwhitney,any_confirmed_holm,0.9905,0.0021690723823791537,2000
S3_viol6,40,itt,v2,mannwhitney,all4_confirmed_holm,0.1085,0.006954414065900879,2000
S3_viol6,40,itt,strat,cox,type1_twosided_raw_H1a,0.9935,0.0017969070649312877,2000
S3_viol6,40,itt,strat,cox,power_raw_H1a,0.9935,0.0017969070649312877,2000
S3_viol6,40,itt,strat,wilcoxon,power_holm_H1a,0.9785,0.003243281517229114,2000
S3_viol6,40,itt,strat,wilcoxon,power_holm_H2a_EL,0.494,0.01117953487404552,2000
S3_viol6,40,itt,strat,wilcoxon,power_holm_H2b_GL,0.2245,0.009330052250657549,2000
S3_viol6,40,itt,strat,wilcoxon,power_holm_H3,0.6265,0.010816601823123564,2000
S3_viol6,40,itt,strat,wilcoxon,fwer_twosided_holm,0.992,0.001991983935678198,2000
S3_viol6,40,itt,strat,wilcoxon,any_confirmed_holm,0.992,0.001991983935678198,2000
S3_viol6,40,itt,strat,wilcoxon,all4_confirmed_holm,0.1115,0.007038030619427568,2000
S3_viol6,40,itt,strat,mannwhitney,power_holm_H1a,0.9795,0.0031685761786644775,2000
S3_viol6,40,itt,strat,mannwhitney,power_holm_H2a_EL,0.525,0.011166355717063647,2000
S3_viol6,40,itt,strat,mannwhitney,power_holm_H2b_GL,0.237,0.009508706536643142,2000
S3_viol6,40,itt,strat,mannwhitney,power_holm_H3,0.625,0.010825317547305483,2000
S3_viol6,40,itt,strat,mannwhitney,fwer_twosided_holm,0.9915,0.0020527725154044657,2000
S3_viol6,40,itt,strat,mannwhitney,any_confirmed_holm,0.9915,0.0020527725154044657,2000
S3_viol6,40,itt,strat,mannwhitney,all4_confirmed_holm,0.109,0.006968464680257768,2000
S3_viol6,40,itt,v1,cox,nan_rate,0.0185,,2000
S3_viol6,40,itt,strat,cox,nan_rate,0.023,,2000
S3_viol6,40,itt,-,jackknife,frac_failed_refits_mean,0.0,0.0,46
S3_viol6,40,itt,-,jackknife,frac_reps_with_jackknife,0.023,0.003351939736928455,2000
S3_viol6,40,itt,-,jackknife,frac_reps_jackknife_invalid,0.0,0.0,2000
S3_viol6,40,pp,-,wilcoxon,type1_twosided_raw_H2a_EL,0.4495,0.011123168388548292,2000
S3_viol6,40,pp,-,wilcoxon,power_raw_H2a_EL,0.4495,0.011123168388548292,2000
S3_viol6,40,pp,-,wilcoxon,type1_twosided_raw_H2b_GL,0.2225,0.009300369616310956,2000
S3_viol6,40,pp,-,wilcoxon,power_raw_H2b_GL,0.2215,0.009285411945627398,2000
S3_viol6,40,pp,-,mannwhitney,type1_twosided_raw_H2a_EL,0.4675,0.011156696419639641,2000
S3_viol6,40,pp,-,mannwhitney,power_raw_H2a_EL,0.4675,0.011156696419639641,2000
S3_viol6,40,pp,-,mannwhitney,type1_twosided_raw_H2b_GL,0.221,0.009277903858092086,2000
S3_viol6,40,pp,-,mannwhitney,power_raw_H2b_GL,0.2195,0.009255262016820486,2000
S3_viol6,40,pp,-,ancova,type1_twosided_raw_H3,0.535,0.011152914417317117,2000
S3_viol6,40,pp,-,ancova,power_raw_H3,0.535,0.011152914417317117,2000
S3_viol6,40,pp,-,il_null_check,type1_il_wilcoxon,0.051,0.004919298730510275,2000
S3_viol6,40,pp,-,il_null_check,type1_il_mannwhitney,0.0395,0.00435544199823623,2000
S3_viol6,40,pp,-,tost,equiv_confirmed,0.08,0.00606630035524124,2000
S3_viol6,40,pp,-,tost,mean_hid_diff,0.014535714285714285,,2000
S3_viol6,40,pp,-,tost_paired,equiv_confirmed,0.1335,0.007605187374417543,2000
S3_viol6,40,pp,-,tost_paired,mean_hid_diff,0.01453571428571428,,2000
S3_viol6,40,pp,v1,cox,type1_twosided_raw_H1a,0.882,0.007213736895673421,2000
S3_viol6,40,pp,v1,cox,power_raw_H1a,0.882,0.007213736895673421,2000
S3_viol6,40,pp,v1,wilcoxon,power_holm_H1a,0.78,0.009262828941527529,2000
S3_viol6,40,pp,v1,wilcoxon,power_holm_H2a_EL,0.2545,0.009739860111931793,2000
S3_viol6,40,pp,v1,wilcoxon,power_holm_H2b_GL,0.105,0.006854742883580682,2000
S3_viol6,40,pp,v1,wilcoxon,power_holm_H3,0.355,0.010699883176932354,2000
S3_viol6,40,pp,v1,wilcoxon,fwer_twosided_holm,0.8715,0.007482905518580331,2000
S3_viol6,40,pp,v1,wilcoxon,any_confirmed_holm,0.8715,0.007482905518580331,2000
S3_viol6,40,pp,v1,wilcoxon,all4_confirmed_holm,0.0255,0.003524893615415932,2000
S3_viol6,40,pp,v1,mannwhitney,power_holm_H1a,0.782,0.009232442797006652,2000
S3_viol6,40,pp,v1,mannwhitney,power_holm_H2a_EL,0.2995,0.01024206400097168,2000
S3_viol6,40,pp,v1,mannwhitney,power_holm_H2b_GL,0.124,0.007369667563737186,2000
S3_viol6,40,pp,v1,mannwhitney,power_holm_H3,0.3645,0.010761964272380763,2000
S3_viol6,40,pp,v1,mannwhitney,fwer_twosided_holm,0.8895,0.007010340576605391,2000
S3_viol6,40,pp,v1,mannwhitney,any_confirmed_holm,0.8895,0.007010340576605391,2000
S3_viol6,40,pp,v1,mannwhitney,all4_confirmed_holm,0.027,0.0036242930345103167,2000
S3_viol6,40,pp,v2,cox,type1_twosided_raw_H1a,0.8945,0.006869124762296869,2000
S3_viol6,40,pp,v2,cox,power_raw_H1a,0.8945,0.006869124762296869,2000
S3_viol6,40,pp,v2,wilcoxon,power_holm_H1a,0.7895,0.009115639034099584,2000
S3_viol6,40,pp,v2,wilcoxon,power_holm_H2a_EL,0.2555,0.009752429184567299,2000
S3_viol6,40,pp,v2,wilcoxon,power_holm_H2b_GL,0.106,0.0068834584330843464,2000
S3_viol6,40,pp,v2,wilcoxon,power_holm_H3,0.3555,0.010703264688869467,2000
S3_viol6,40,pp,v2,wilcoxon,fwer_twosided_holm,0.8775,0.007331226022978695,2000
S3_viol6,40,pp,v2,wilcoxon,any_confirmed_holm,0.8775,0.007331226022978695,2000
S3_viol6,40,pp,v2,wilcoxon,all4_confirmed_holm,0.026,0.003558370413546066,2000
S3_viol6,40,pp,v2,mannwhitney,power_holm_H1a,0.7915,0.009083714823793183,2000
S3_viol6,40,pp,v2,mannwhitney,power_holm_H2a_EL,0.3,0.010246950765959597,2000
S3_viol6,40,pp,v2,mannwhitney,power_holm_H2b_GL,0.1245,0.007382403064043577,2000
S3_viol6,40,pp,v2,mannwhitney,power_holm_H3,0.365,0.01076510566599325,2000
S3_viol6,40,pp,v2,mannwhitney,fwer_twosided_holm,0.8955,0.006840312492861713,2000
S3_viol6,40,pp,v2,mannwhitney,any_confirmed_holm,0.8955,0.006840312492861713,2000
S3_viol6,40,pp,v2,mannwhitney,all4_confirmed_holm,0.0275,0.0036567574434189644,2000
S3_viol6,40,pp,strat,cox,type1_twosided_raw_H1a,0.9035,0.006602565789145914,2000
S3_viol6,40,pp,strat,cox,power_raw_H1a,0.9035,0.006602565789145914,2000
S3_viol6,40,pp,strat,wilcoxon,power_holm_H1a,0.8115,0.008745505988792188,2000
S3_viol6,40,pp,strat,wilcoxon,power_holm_H2a_EL,0.258,0.009783557635134573,2000
S3_viol6,40,pp,strat,wilcoxon,power_holm_H2b_GL,0.105,0.006854742883580682,2000
S3_viol6,40,pp,strat,wilcoxon,power_holm_H3,0.3565,0.010709989495793168,2000
S3_viol6,40,pp,strat,wilcoxon,fwer_twosided_holm,0.8915,0.00695441406590088,2000
S3_viol6,40,pp,strat,wilcoxon,any_confirmed_holm,0.8915,0.00695441406590088,2000
S3_viol6,40,pp,strat,wilcoxon,all4_confirmed_holm,0.025,0.0034910600109422352,2000
S3_viol6,40,pp,strat,mannwhitney,power_holm_H1a,0.815,0.008682597537603596,2000
S3_viol6,40,pp,strat,mannwhitney,power_holm_H2a_EL,0.301,0.010256680749638257,2000
S3_viol6,40,pp,strat,mannwhitney,power_holm_H2b_GL,0.126,0.007420377348895405,2000
S3_viol6,40,pp,strat,mannwhitney,power_holm_H3,0.3655,0.010768234534964402,2000
S3_viol6,40,pp,strat,mannwhitney,fwer_twosided_holm,0.905,0.006556485338960196,2000
S3_viol6,40,pp,strat,mannwhitney,any_confirmed_holm,0.905,0.006556485338960196,2000
S3_viol6,40,pp,strat,mannwhitney,all4_confirmed_holm,0.0275,0.0036567574434189644,2000
S3_viol6,40,pp,v1,cox,nan_rate,0.0185,,2000
S3_viol6,40,pp,strat,cox,nan_rate,0.024,,2000
S3_viol6,40,pp,-,jackknife,frac_failed_refits_mean,0.0,0.0,48
S3_viol6,40,pp,-,jackknife,frac_reps_with_jackknife,0.024,0.00342227994179319,2000
S3_viol6,40,pp,-,jackknife,frac_reps_jackknife_invalid,0.0,0.0,2000
S5_boundary,40,itt,-,wilcoxon,type1_twosided_raw_H2a_EL,0.0495,0.004850244839180801,2000
S5_boundary,40,itt,-,wilcoxon,power_raw_H2a_EL,0.0245,0.003456859123539749,2000
S5_boundary,40,itt,-,wilcoxon,type1_twosided_raw_H2b_GL,0.0475,0.004756245893559331,2000
S5_boundary,40,itt,-,wilcoxon,power_raw_H2b_GL,0.0215,0.003243281517229116,2000
S5_boundary,40,itt,-,mannwhitney,type1_twosided_raw_H2a_EL,0.041,0.004433903472111228,2000
S5_boundary,40,itt,-,mannwhitney,power_raw_H2a_EL,0.0225,0.0033161536454151216,2000
S5_boundary,40,itt,-,mannwhitney,type1_twosided_raw_H2b_GL,0.048,0.0047799581588126895,2000
S5_boundary,40,itt,-,mannwhitney,power_raw_H2b_GL,0.027,0.0036242930345103167,2000
S5_boundary,40,itt,-,ancova,type1_twosided_raw_H3,0.065,0.005512485827646181,2000
S5_boundary,40,itt,-,ancova,power_raw_H3,0.0115,0.0023840878758971955,2000
S5_boundary,40,itt,-,il_null_check,type1_il_wilcoxon,0.0565,0.005162739098579358,2000
S5_boundary,40,itt,-,il_null_check,type1_il_mannwhitney,0.046,0.00468422885862764,2000
S5_boundary,40,itt,-,tost,equiv_confirmed,0.0395,0.00435544199823623,2000
S5_boundary,40,itt,-,tost,mean_hid_diff,0.25142499999999995,,2000
S5_boundary,40,itt,-,tost_paired,equiv_confirmed,0.0455,0.004659922209651144,2000
S5_boundary,40,itt,-,tost_paired,mean_hid_diff,0.251425,,2000
S5_boundary,40,itt,v1,cox,type1_twosided_raw_H1a,0.0705,0.0057240610583745525,2000
S5_boundary,40,itt,v1,cox,power_raw_H1a,0.035,0.004109440351191388,2000
S5_boundary,40,itt,v1,wilcoxon,power_holm_H1a,0.011,0.002332273568859365,2000
S5_boundary,40,itt,v1,wilcoxon,power_holm_H2a_EL,0.0055,0.0016537457482938543,2000
S5_boundary,40,itt,v1,wilcoxon,power_holm_H2b_GL,0.005,0.0015771810295587506,2000
S5_boundary,40,itt,v1,wilcoxon,power_holm_H3,0.0035,0.0013205585939290994,2000
S5_boundary,40,itt,v1,wilcoxon,fwer_twosided_holm,0.058,0.0052266624149642565,2000
S5_boundary,40,itt,v1,wilcoxon,any_confirmed_holm,0.0245,0.003456859123539749,2000
S5_boundary,40,itt,v1,wilcoxon,all4_confirmed_holm,0.0,0.0,2000
S5_boundary,40,itt,v1,mannwhitney,power_holm_H1a,0.011,0.002332273568859365,2000
S5_boundary,40,itt,v1,mannwhitney,power_holm_H2a_EL,0.0065,0.0017969070649312946,2000
S5_boundary,40,itt,v1,mannwhitney,power_holm_H2b_GL,0.0035,0.0013205585939290994,2000
S5_boundary,40,itt,v1,mannwhitney,power_holm_H3,0.0035,0.0013205585939290994,2000
S5_boundary,40,itt,v1,mannwhitney,fwer_twosided_holm,0.056,0.005141206084179081,2000
S5_boundary,40,itt,v1,mannwhitney,any_confirmed_holm,0.024,0.00342227994179319,2000
S5_boundary,40,itt,v1,mannwhitney,all4_confirmed_holm,0.0,0.0,2000
S5_boundary,40,itt,v2,cox,type1_twosided_raw_H1a,0.0745,0.005871530890662162,2000
S5_boundary,40,itt,v2,cox,power_raw_H1a,0.0375,0.004248161366991607,2000
S5_boundary,40,itt,v2,wilcoxon,power_holm_H1a,0.0115,0.0023840878758971955,2000
S5_boundary,40,itt,v2,wilcoxon,power_holm_H2a_EL,0.0055,0.0016537457482938543,2000
S5_boundary,40,itt,v2,wilcoxon,power_holm_H2b_GL,0.005,0.0015771810295587506,2000
S5_boundary,40,itt,v2,wilcoxon,power_holm_H3,0.0035,0.0013205585939290994,2000
S5_boundary,40,itt,v2,wilcoxon,fwer_twosided_holm,0.059,0.0052687284993630104,2000
S5_boundary,40,itt,v2,wilcoxon,any_confirmed_holm,0.025,0.0034910600109422352,2000
S5_boundary,40,itt,v2,wilcoxon,all4_confirmed_holm,0.0,0.0,2000
S5_boundary,40,itt,v2,mannwhitney,power_holm_H1a,0.0115,0.0023840878758971955,2000
S5_boundary,40,itt,v2,mannwhitney,power_holm_H2a_EL,0.0065,0.0017969070649312946,2000
S5_boundary,40,itt,v2,mannwhitney,power_holm_H2b_GL,0.0035,0.0013205585939290994,2000
S5_boundary,40,itt,v2,mannwhitney,power_holm_H3,0.0035,0.0013205585939290994,2000
S5_boundary,40,itt,v2,mannwhitney,fwer_twosided_holm,0.057,0.00518415856238985,2000
S5_boundary,40,itt,v2,mannwhitney,any_confirmed_holm,0.0245,0.003456859123539749,2000
S5_boundary,40,itt,v2,mannwhitney,all4_confirmed_holm,0.0,0.0,2000
S5_boundary,40,itt,strat,cox,type1_twosided_raw_H1a,0.071,0.005742778073371807,2000
S5_boundary,40,itt,strat,cox,power_raw_H1a,0.0365,0.004193313129257103,2000
S5_boundary,40,itt,strat,wilcoxon,power_holm_H1a,0.013,0.0025328837320335094,2000
S5_boundary,40,itt,strat,wilcoxon,power_holm_H2a_EL,0.0055,0.0016537457482938543,2000
S5_boundary,40,itt,strat,wilcoxon,power_holm_H2b_GL,0.005,0.0015771810295587506,2000
S5_boundary,40,itt,strat,wilcoxon,power_holm_H3,0.0035,0.0013205585939290994,2000
S5_boundary,40,itt,strat,wilcoxon,fwer_twosided_holm,0.06,0.0053103672189407005,2000
S5_boundary,40,itt,strat,wilcoxon,any_confirmed_holm,0.0265,0.0035915003828483716,2000
S5_boundary,40,itt,strat,wilcoxon,all4_confirmed_holm,0.0,0.0,2000
S5_boundary,40,itt,strat,mannwhitney,power_holm_H1a,0.013,0.0025328837320335094,2000
S5_boundary,40,itt,strat,mannwhitney,power_holm_H2a_EL,0.0065,0.0017969070649312946,2000
S5_boundary,40,itt,strat,mannwhitney,power_holm_H2b_GL,0.0035,0.0013205585939290994,2000
S5_boundary,40,itt,strat,mannwhitney,power_holm_H3,0.0035,0.0013205585939290994,2000
S5_boundary,40,itt,strat,mannwhitney,fwer_twosided_holm,0.058,0.0052266624149642565,2000
S5_boundary,40,itt,strat,mannwhitney,any_confirmed_holm,0.026,0.003558370413546066,2000
S5_boundary,40,itt,strat,mannwhitney,all4_confirmed_holm,0.0,0.0,2000
S5_boundary,40,itt,v1,cox,nan_rate,0.0855,,2000
S5_boundary,40,itt,strat,cox,nan_rate,0.121,,2000
S5_boundary,40,itt,-,jackknife,frac_failed_refits_mean,0.0,0.0,242
S5_boundary,40,itt,-,jackknife,frac_reps_with_jackknife,0.121,0.007292427579345577,2000
S5_boundary,40,itt,-,jackknife,frac_reps_jackknife_invalid,0.0,0.0,2000
S5_boundary,40,itt,v1,truth,coverage95_hr,0.9229086932750137,0.006236992463331559,1829
S5_boundary,40,itt,v1,truth,bias_ln_hr,0.00030034510202719186,,2000
S5_boundary,40,itt,v1,truth,true_hr,1.001660925950672,,2000
S5_boundary,40,itt,v2,truth,coverage95_hr,0.9255,0.005871530890662162,2000
S5_boundary,40,itt,v2,truth,bias_ln_hr,0.00030034510202719186,,2000
S5_boundary,40,itt,v2,truth,true_hr,1.001660925950672,,2000
S5_boundary,40,itt,strat,truth,coverage95_hr,0.928,0.0057799653978203,2000
S5_boundary,40,itt,strat,truth,bias_ln_hr,-0.003439512104475978,,2000
S5_boundary,40,itt,strat,truth,true_hr,1.005794028681666,,2000
S5_boundary,40,itt,-,truth,coverage95_transfer_b,0.9505,0.004850244839180801,2000
S5_boundary,40,itt,-,truth,bias_transfer_b,0.011121588249942693,,2000
S5_boundary,40,itt,-,truth,true_transfer_b,0.18294306868902419,,2000
S5_boundary,40,itt,-,truth,true_hid_diff,0.24680000000000002,,2000
