student_id,pair_id,group,pre_score,protocol_violation,ai_prompts_n,SR_expl_n,SR_hid_n,SR_expl,SR_hid,attempts_total,IL1,IL2,EL1,EL2,EL3,GL1,GL2,GL3,IL,EL,GL,transfer_score,synthetic
ID_01,18,CG,9,0,,1,2,0.5,1.0,12,5,6,7,2,3,3,4,7,5.5,4.0,4.666666666666667,4,True
ID_02,10,CG,13,0,,2,2,1.0,1.0,11,4,4,6,5,4,8,10,7,4.0,5.0,8.333333333333334,6,True
ID_03,20,EG,5,0,12.0,2,0,1.0,0.0,11,7,5,10,10,7,5,3,4,6.0,9.0,4.0,1,True
ID_04,2,CG,17,0,,2,2,1.0,1.0,10,4,5,7,7,5,8,6,8,4.5,6.333333333333333,7.333333333333333,10,True
ID_05,7,EG,14,0,11.0,2,2,1.0,1.0,7,9,7,1,2,3,7,5,9,8.0,2.0,7.0,4,True
ID_06,12,CG,11,0,,2,0,1.0,0.0,20,4,6,6,6,6,5,5,5,5.0,6.0,5.0,5,True
ID_07,14,EG,11,1,18.0,2,2,1.0,1.0,14,3,7,5,4,2,2,5,4,5.0,3.6666666666666665,3.6666666666666665,6,True
ID_08,9,EG,13,0,12.0,2,0,1.0,0.0,8,4,4,1,3,3,7,9,7,4.0,2.3333333333333335,7.666666666666667,3,True
ID_09,13,EG,11,0,8.0,2,0,1.0,0.0,19,3,3,0,0,0,4,4,2,3.0,0.0,3.3333333333333335,5,True
ID_10,13,CG,11,0,,2,0,1.0,0.0,22,3,4,3,2,3,5,5,4,3.5,2.6666666666666665,4.666666666666667,6,True
ID_11,3,EG,15,0,11.0,2,1,1.0,0.5,9,4,6,5,5,5,1,2,1,5.0,5.0,1.3333333333333333,5,True
ID_12,6,EG,14,0,8.0,2,1,1.0,0.5,11,5,4,2,2,2,6,3,6,4.5,2.0,5.0,3,True
ID_13,10,EG,12,0,4.0,2,2,1.0,1.0,14,10,8,2,3,5,7,8,6,9.0,3.3333333333333335,7.0,5,True
ID_14,11,CG,12,0,,2,1,1.0,0.5,12,5,6,4,2,0,6,9,2,5.5,2.0,5.666666666666667,5,True
ID_15,9,CG,13,0,,2,0,1.0,0.0,18,5,5,4,3,5,9,7,8,5.0,4.0,8.0,7,True
ID_16,16,CG,10,0,,2,1,1.0,0.5,20,5,3,5,5,3,9,6,7,4.0,4.333333333333333,7.333333333333333,3,True
ID_17,12,EG,11,0,21.0,2,1,1.0,0.5,16,3,2,0,0,2,8,10,6,2.5,0.6666666666666666,8.0,5,True
ID_18,7,CG,14,0,,1,1,0.5,0.5,20,8,10,4,4,7,7,7,6,9.0,5.0,6.666666666666667,8,True
ID_19,11,EG,12,0,8.0,2,0,1.0,0.0,8,7,5,2,4,4,7,5,3,6.0,3.3333333333333335,5.0,7,True
ID_20,20,CG,7,0,,0,0,0.0,0.0,15,8,7,6,8,6,5,4,8,7.5,6.666666666666667,5.666666666666667,4,True
ID_21,17,CG,10,0,,2,2,1.0,1.0,18,9,9,9,10,10,5,8,7,9.0,9.666666666666666,6.666666666666667,5,True
ID_22,5,EG,14,0,8.0,2,2,1.0,1.0,11,7,7,5,4,4,8,8,7,7.0,4.333333333333333,7.666666666666667,7,True
ID_23,14,CG,11,0,,2,1,1.0,0.5,14,4,4,7,7,8,7,6,5,4.0,7.333333333333333,6.0,4,True
ID_24,15,EG,11,0,11.0,2,2,1.0,1.0,9,9,5,4,2,3,6,8,7,7.0,3.0,7.0,3,True
ID_25,5,CG,14,0,,2,1,1.0,0.5,9,4,4,6,4,2,8,6,6,4.0,4.0,6.666666666666667,6,True
ID_26,1,CG,18,0,,2,0,1.0,0.0,18,6,5,4,6,5,6,7,6,5.5,5.0,6.333333333333333,6,True
ID_27,17,EG,10,0,12.0,2,0,1.0,0.0,18,5,7,4,7,8,1,2,0,6.0,6.333333333333333,1.0,6,True
ID_28,1,EG,17,0,13.0,1,1,0.5,0.5,11,6,6,4,6,6,7,9,7,6.0,5.333333333333333,7.666666666666667,8,True
ID_29,19,CG,8,0,,2,0,1.0,0.0,21,7,8,8,7,8,5,1,4,7.5,7.666666666666667,3.3333333333333335,1,True
ID_30,8,CG,13,0,,2,1,1.0,0.5,11,3,3,1,3,3,9,6,10,3.0,2.3333333333333335,8.333333333333334,3,True
ID_31,19,EG,8,0,14.0,2,0,1.0,0.0,11,5,6,7,7,9,4,4,4,5.5,7.666666666666667,4.0,2,True
ID_32,2,EG,17,1,11.0,1,1,0.5,0.5,18,5,6,5,5,5,7,7,7,5.5,5.0,7.0,7,True
ID_33,4,EG,15,0,9.0,2,1,1.0,0.5,12,4,5,5,4,3,6,5,4,4.5,4.0,5.0,7,True
ID_34,3,CG,16,0,,2,2,1.0,1.0,12,8,7,6,6,3,7,8,8,7.5,5.0,7.666666666666667,10,True
ID_35,18,EG,9,0,8.0,2,2,1.0,1.0,11,7,5,1,4,2,3,4,0,6.0,2.3333333333333335,2.3333333333333335,5,True
ID_36,8,EG,14,0,11.0,2,2,1.0,1.0,16,5,6,5,5,4,4,7,4,5.5,4.666666666666667,5.0,4,True
ID_37,15,CG,10,0,,2,1,1.0,0.5,16,5,5,5,5,5,6,5,5,5.0,5.0,5.333333333333333,6,True
ID_38,16,EG,10,0,6.0,2,1,1.0,0.5,11,8,9,7,5,6,6,4,4,8.5,6.0,4.666666666666667,3,True
ID_39,6,CG,14,0,,2,1,1.0,0.5,7,2,6,6,5,6,4,5,5,4.0,5.666666666666667,4.666666666666667,5,True
ID_40,4,CG,15,0,,2,2,1.0,1.0,16,7,8,3,5,7,6,7,7,7.5,5.0,6.666666666666667,5,True
