student_id,pair_id,group,task,task_type,order_position,attempted,time_sec,time_min,solved,attempts_pytest,ended_by,synthetic
ID_01,18,CG,T4,hidden,1,1,261,4.35,1,2,solved,True
ID_01,18,CG,T1,explicit,2,1,235,3.917,1,1,solved,True
ID_01,18,CG,T3,hidden,3,1,369,6.15,1,3,solved,True
ID_01,18,CG,T2,explicit,4,1,698,11.633,0,6,abandoned,True
ID_02,10,CG,T1,explicit,1,1,328,5.467,1,1,solved,True
ID_02,10,CG,T2,explicit,2,1,308,5.133,1,1,solved,True
ID_02,10,CG,T3,hidden,3,1,294,4.9,1,6,solved,True
ID_02,10,CG,T4,hidden,4,1,241,4.017,1,3,solved,True
ID_03,20,EG,T3,hidden,1,1,364,6.067,0,3,abandoned,True
ID_03,20,EG,T1,explicit,2,1,439,7.317,1,2,solved,True
ID_03,20,EG,T4,hidden,3,1,771,12.85,0,3,abandoned,True
ID_03,20,EG,T2,explicit,4,1,426,7.1,1,3,solved,True
ID_04,2,CG,T1,explicit,1,1,241,4.017,1,2,solved,True
ID_04,2,CG,T2,explicit,2,1,410,6.833,1,2,solved,True
ID_04,2,CG,T3,hidden,3,1,546,9.1,1,5,solved,True
ID_04,2,CG,T4,hidden,4,1,230,3.833,1,1,solved,True
ID_05,7,EG,T3,hidden,1,1,292,4.867,1,2,solved,True
ID_05,7,EG,T2,explicit,2,1,458,7.633,1,1,solved,True
ID_05,7,EG,T1,explicit,3,1,300,5.0,1,3,solved,True
ID_05,7,EG,T4,hidden,4,1,217,3.617,1,1,solved,True
ID_06,12,CG,T1,explicit,1,1,853,14.217,1,3,solved,True
ID_06,12,CG,T2,explicit,2,1,162,2.7,1,1,solved,True
ID_06,12,CG,T3,hidden,3,1,302,5.033,0,4,abandoned,True
ID_06,12,CG,T4,hidden,4,1,1084,18.067,0,12,session_end,True
ID_07,14,EG,T1,explicit,1,1,177,2.95,1,5,solved,True
ID_07,14,EG,T2,explicit,2,1,113,1.883,1,1,solved,True
ID_07,14,EG,T3,hidden,3,1,478,7.967,1,7,solved,True
ID_07,14,EG,T4,hidden,4,1,301,5.017,1,1,solved,True
ID_08,9,EG,T1,explicit,1,1,56,0.933,1,1,solved,True
ID_08,9,EG,T2,explicit,2,1,330,5.5,1,1,solved,True
ID_08,9,EG,T3,hidden,3,1,477,7.95,0,3,abandoned,True
ID_08,9,EG,T4,hidden,4,1,375,6.25,0,3,abandoned,True
ID_09,13,EG,T4,hidden,1,1,339,5.65,0,7,abandoned,True
ID_09,13,EG,T3,hidden,2,1,256,4.267,0,7,abandoned,True
ID_09,13,EG,T1,explicit,3,1,165,2.75,1,1,solved,True
ID_09,13,EG,T2,explicit,4,1,410,6.833,1,4,solved,True
ID_10,13,CG,T1,explicit,1,1,328,5.467,1,3,solved,True
ID_10,13,CG,T4,hidden,2,1,421,7.017,0,7,abandoned,True
ID_10,13,CG,T2,explicit,3,1,407,6.783,1,4,solved,True
ID_10,13,CG,T3,hidden,4,1,310,5.167,0,8,abandoned,True
ID_11,3,EG,T3,hidden,1,1,442,7.367,1,3,solved,True
ID_11,3,EG,T1,explicit,2,1,328,5.467,1,2,solved,True
ID_11,3,EG,T4,hidden,3,1,460,7.667,0,2,abandoned,True
ID_11,3,EG,T2,explicit,4,1,736,12.267,1,2,solved,True
ID_12,6,EG,T1,explicit,1,1,249,4.15,1,3,solved,True
ID_12,6,EG,T2,explicit,2,1,494,8.233,1,1,solved,True
ID_12,6,EG,T3,hidden,3,1,483,8.05,0,1,abandoned,True
ID_12,6,EG,T4,hidden,4,1,228,3.8,1,6,solved,True
ID_13,10,EG,T1,explicit,1,1,367,6.117,1,3,solved,True
ID_13,10,EG,T2,explicit,2,1,107,1.783,1,1,solved,True
ID_13,10,EG,T3,hidden,3,1,261,4.35,1,3,solved,True
ID_13,10,EG,T4,hidden,4,1,319,5.317,1,7,solved,True
ID_14,11,CG,T1,explicit,1,1,247,4.117,1,4,solved,True
ID_14,11,CG,T2,explicit,2,1,315,5.25,1,2,solved,True
ID_14,11,CG,T3,hidden,3,1,331,5.517,0,2,abandoned,True
ID_14,11,CG,T4,hidden,4,1,378,6.3,1,4,solved,True
ID_15,9,CG,T1,explicit,1,1,271,4.517,1,2,solved,True
ID_15,9,CG,T2,explicit,2,1,503,8.383,1,2,solved,True
ID_15,9,CG,T3,hidden,3,1,489,8.15,0,8,abandoned,True
ID_15,9,CG,T4,hidden,4,1,423,7.05,0,6,abandoned,True
ID_16,16,CG,T1,explicit,1,1,222,3.7,1,5,solved,True
ID_16,16,CG,T2,explicit,2,1,232,3.867,1,3,solved,True
ID_16,16,CG,T3,hidden,3,1,547,9.117,0,2,abandoned,True
ID_16,16,CG,T4,hidden,4,1,400,6.667,1,10,solved,True
ID_17,12,EG,T1,explicit,1,1,370,6.167,1,5,solved,True
ID_17,12,EG,T2,explicit,2,1,210,3.5,1,2,solved,True
ID_17,12,EG,T3,hidden,3,1,506,8.433,0,7,abandoned,True
ID_17,12,EG,T4,hidden,4,1,180,3.0,1,2,solved,True
ID_18,7,CG,T1,explicit,1,1,363,6.05,1,4,solved,True
ID_18,7,CG,T2,explicit,2,1,452,7.533,0,2,abandoned,True
ID_18,7,CG,T3,hidden,3,1,406,6.767,0,7,abandoned,True
ID_18,7,CG,T4,hidden,4,1,426,7.1,1,7,solved,True
ID_19,11,EG,T1,explicit,1,1,449,7.483,1,3,solved,True
ID_19,11,EG,T2,explicit,2,1,355,5.917,1,1,solved,True
ID_19,11,EG,T3,hidden,3,1,413,6.883,0,3,abandoned,True
ID_19,11,EG,T4,hidden,4,1,393,6.55,0,1,abandoned,True
ID_20,20,CG,T1,explicit,1,1,436,7.267,0,2,abandoned,True
ID_20,20,CG,T2,explicit,2,1,486,8.1,0,3,abandoned,True
ID_20,20,CG,T3,hidden,3,1,476,7.933,0,9,abandoned,True
ID_20,20,CG,T4,hidden,4,1,453,7.55,0,1,abandoned,True
ID_21,17,CG,T1,explicit,1,1,352,5.867,1,6,solved,True
ID_21,17,CG,T2,explicit,2,1,923,15.383,1,2,solved,True
ID_21,17,CG,T3,hidden,3,1,298,4.967,1,5,solved,True
ID_21,17,CG,T4,hidden,4,1,253,4.217,1,5,solved,True
ID_22,5,EG,T1,explicit,1,1,407,6.783,1,4,solved,True
ID_22,5,EG,T2,explicit,2,1,153,2.55,1,3,solved,True
ID_22,5,EG,T3,hidden,3,1,172,2.867,1,3,solved,True
ID_22,5,EG,T4,hidden,4,1,319,5.317,1,1,solved,True
ID_23,14,CG,T1,explicit,1,1,294,4.9,1,1,solved,True
ID_23,14,CG,T2,explicit,2,1,872,14.533,1,3,solved,True
ID_23,14,CG,T3,hidden,3,1,278,4.633,0,7,abandoned,True
ID_23,14,CG,T4,hidden,4,1,641,10.683,1,3,solved,True
ID_24,15,EG,T1,explicit,1,1,236,3.933,1,1,solved,True
ID_24,15,EG,T2,explicit,2,1,135,2.25,1,2,solved,True
ID_24,15,EG,T3,hidden,3,1,294,4.9,1,2,solved,True
ID_24,15,EG,T4,hidden,4,1,719,11.983,1,4,solved,True
ID_25,5,CG,T1,explicit,1,1,459,7.65,1,1,solved,True
ID_25,5,CG,T2,explicit,2,1,318,5.3,1,1,solved,True
ID_25,5,CG,T3,hidden,3,1,347,5.783,0,3,abandoned,True
ID_25,5,CG,T4,hidden,4,1,442,7.367,1,4,solved,True
ID_26,1,CG,T1,explicit,1,1,533,8.883,1,1,solved,True
ID_26,1,CG,T2,explicit,2,1,358,5.967,1,8,solved,True
ID_26,1,CG,T4,hidden,3,1,312,5.2,0,1,abandoned,True
ID_26,1,CG,T3,hidden,4,1,603,10.05,0,8,abandoned,True
ID_27,17,EG,T4,hidden,1,1,395,6.583,0,4,abandoned,True
ID_27,17,EG,T2,explicit,2,1,285,4.75,1,2,solved,True
ID_27,17,EG,T3,hidden,3,1,290,4.833,0,11,abandoned,True
ID_27,17,EG,T1,explicit,4,1,189,3.15,1,1,solved,True
ID_28,1,EG,T1,explicit,1,1,383,6.383,0,1,abandoned,True
ID_28,1,EG,T3,hidden,2,1,333,5.55,0,8,abandoned,True
ID_28,1,EG,T2,explicit,3,1,132,2.2,1,1,solved,True
ID_28,1,EG,T4,hidden,4,1,284,4.733,1,1,solved,True
ID_29,19,CG,T1,explicit,1,1,275,4.583,1,1,solved,True
ID_29,19,CG,T2,explicit,2,1,660,11.0,1,1,solved,True
ID_29,19,CG,T3,hidden,3,1,410,6.833,0,4,abandoned,True
ID_29,19,CG,T4,hidden,4,1,310,5.167,0,15,abandoned,True
ID_30,8,CG,T1,explicit,1,1,229,3.817,1,1,solved,True
ID_30,8,CG,T2,explicit,2,1,424,7.067,1,2,solved,True
ID_30,8,CG,T3,hidden,3,1,369,6.15,1,7,solved,True
ID_30,8,CG,T4,hidden,4,1,481,8.017,0,1,abandoned,True
ID_31,19,EG,T1,explicit,1,1,266,4.433,1,2,solved,True
ID_31,19,EG,T2,explicit,2,1,466,7.767,1,3,solved,True
ID_31,19,EG,T3,hidden,3,1,345,5.75,0,4,abandoned,True
ID_31,19,EG,T4,hidden,4,1,404,6.733,0,2,abandoned,True
ID_32,2,EG,T1,explicit,1,1,39,0.65,1,1,solved,True
ID_32,2,EG,T2,explicit,2,1,543,9.05,0,3,abandoned,True
ID_32,2,EG,T3,hidden,3,1,300,5.0,1,3,solved,True
ID_32,2,EG,T4,hidden,4,1,515,8.583,0,11,abandoned,True
ID_33,4,EG,T1,explicit,1,1,192,3.2,1,1,solved,True
ID_33,4,EG,T2,explicit,2,1,335,5.583,1,1,solved,True
ID_33,4,EG,T3,hidden,3,1,225,3.75,1,2,solved,True
ID_33,4,EG,T4,hidden,4,1,566,9.433,0,8,abandoned,True
ID_34,3,CG,T4,hidden,1,1,239,3.983,1,3,solved,True
ID_34,3,CG,T2,explicit,2,1,375,6.25,1,1,solved,True
ID_34,3,CG,T1,explicit,3,1,292,4.867,1,6,solved,True
ID_34,3,CG,T3,hidden,4,1,351,5.85,1,2,solved,True
ID_35,18,EG,T1,explicit,1,1,470,7.833,1,3,solved,True
ID_35,18,EG,T2,explicit,2,1,445,7.417,1,1,solved,True
ID_35,18,EG,T3,hidden,3,1,670,11.167,1,5,solved,True
ID_35,18,EG,T4,hidden,4,1,231,3.85,1,2,solved,True
ID_36,8,EG,T3,hidden,1,1,260,4.333,1,4,solved,True
ID_36,8,EG,T4,hidden,2,1,288,4.8,1,7,solved,True
ID_36,8,EG,T1,explicit,3,1,106,1.767,1,2,solved,True
ID_36,8,EG,T2,explicit,4,1,429,7.15,1,3,solved,True
ID_37,15,CG,T4,hidden,1,1,364,6.067,1,4,solved,True
ID_37,15,CG,T3,hidden,2,1,585,9.75,0,9,abandoned,True
ID_37,15,CG,T1,explicit,3,1,164,2.733,1,1,solved,True
ID_37,15,CG,T2,explicit,4,1,575,9.583,1,2,solved,True
ID_38,16,EG,T2,explicit,1,1,426,7.1,1,1,solved,True
ID_38,16,EG,T3,hidden,2,1,330,5.5,1,3,solved,True
ID_38,16,EG,T1,explicit,3,1,180,3.0,1,1,solved,True
ID_38,16,EG,T4,hidden,4,1,398,6.633,0,6,abandoned,True
ID_39,6,CG,T1,explicit,1,1,394,6.567,1,1,solved,True
ID_39,6,CG,T2,explicit,2,1,554,9.233,1,1,solved,True
ID_39,6,CG,T3,hidden,3,1,340,5.667,1,1,solved,True
ID_39,6,CG,T4,hidden,4,1,290,4.833,0,4,abandoned,True
ID_40,4,CG,T1,explicit,1,1,132,2.2,1,5,solved,True
ID_40,4,CG,T2,explicit,2,1,594,9.9,1,1,solved,True
ID_40,4,CG,T3,hidden,3,1,443,7.383,1,3,solved,True
ID_40,4,CG,T4,hidden,4,1,869,14.483,1,7,solved,True
